DBCODE,ENTITY,STANDID,SPECIES,YEAR_AGG,PORTION,TPH_NHA,BA_M2HA,VOL_M3HA,BIO_MGHA,JENKBIO_MGHA,NO_PLOTS
TP001,6,HR01,PISI,1978,INGROWTH,0,0,0,0,0,16
TP001,6,HR01,PISI,1978,LIVE,77,52.004,1244.285,459.706,441.372,16
TP001,6,HR01,PISI,1978,MORTALITY,0,0,0,0,0,16
TP001,6,HR01,THPL,1978,INGROWTH,0,0,0,0,0,16
TP001,6,HR01,THPL,1978,LIVE,1,0.66,8.027,2.512,3.55,16
TP001,6,HR01,THPL,1978,MORTALITY,0,0,0,0,0,16
TP001,6,HR01,TSHE,1978,INGROWTH,0,0,0,0,0,16
TP001,6,HR01,TSHE,1978,LIVE,87,19.509,382.865,160.803,146.309,16
TP001,6,HR01,TSHE,1978,MORTALITY,0,0,0,0,0,16
TP001,6,HR01,PSME,1978,INGROWTH,0,0,0,0,0,16
TP001,6,HR01,PSME,1978,LIVE,1,1.371,32.681,14.674,16.36,16
TP001,6,HR01,PSME,1978,MORTALITY,0,0,0,0,0,16
TP001,6,HR01,ALL,1978,INGROWTH,0,0,0,0,0,16
TP001,6,HR01,ALL,1978,LIVE,166,73.544,1667.858,637.696,607.591,16
TP001,6,HR01,ALL,1978,MORTALITY,0,0,0,0,0,16
TP001,6,HR01,PISI,1984,INGROWTH,60,0.232,2.061,0.763,0.731,16
TP001,6,HR01,PISI,1984,LIVE,130,53.129,1271.102,469.618,450.885,16
TP001,6,HR01,PISI,1984,MORTALITY,7,0.219,3.394,1.256,1.203,16
TP001,6,HR01,THPL,1984,INGROWTH,0,0,0,0,0,16
TP001,6,HR01,THPL,1984,LIVE,1,0.706,8.715,2.728,3.827,16
TP001,6,HR01,THPL,1984,MORTALITY,0,0,0,0,0,16
TP001,6,HR01,TSHE,1984,INGROWTH,1,0.006,0.037,0.016,0.018,16
TP001,6,HR01,TSHE,1984,LIVE,84,19.863,394.423,165.658,150.399,16
TP001,6,HR01,TSHE,1984,MORTALITY,4,1.31,26.699,11.214,10.152,16
TP001,6,HR01,PSME,1984,INGROWTH,0,0,0,0,0,16
TP001,6,HR01,PSME,1984,LIVE,1,1.408,33.771,15.163,16.91,16
TP001,6,HR01,PSME,1984,MORTALITY,0,0,0,0,0,16
TP001,6,HR01,ALL,1984,INGROWTH,61,0.238,2.098,0.778,0.748,16
TP001,6,HR01,ALL,1984,LIVE,216,75.106,1708.011,653.166,622.02,16
TP001,6,HR01,ALL,1984,MORTALITY,11,1.529,30.093,12.469,11.356,16
TP001,6,HR01,PISI,1989,INGROWTH,57,0.219,1.928,0.713,0.683,16
TP001,6,HR01,PISI,1989,LIVE,178,53.62,1282.614,473.857,454.969,16
TP001,6,HR01,PISI,1989,MORTALITY,8,1.313,29.213,10.809,10.362,16
TP001,6,HR01,THPL,1989,INGROWTH,0,0,0,0,0,16
TP001,6,HR01,THPL,1989,LIVE,1,0.734,9.152,2.865,4.002,16
TP001,6,HR01,THPL,1989,MORTALITY,0,0,0,0,0,16
TP001,6,HR01,TSHE,1989,INGROWTH,0,0,0,0,0,16
TP001,6,HR01,TSHE,1989,LIVE,81,20.541,413.844,173.814,157.386,16
TP001,6,HR01,TSHE,1989,MORTALITY,4,0.759,14.651,6.153,5.627,16
TP001,6,HR01,PSME,1989,INGROWTH,0,0,0,0,0,16
TP001,6,HR01,PSME,1989,LIVE,1,1.446,34.883,15.662,17.471,16
TP001,6,HR01,PSME,1989,MORTALITY,0,0,0,0,0,16
TP001,6,HR01,ALL,1989,INGROWTH,57,0.219,1.928,0.713,0.683,16
TP001,6,HR01,ALL,1989,LIVE,261,76.342,1740.492,666.198,633.828,16
TP001,6,HR01,ALL,1989,MORTALITY,11,2.073,43.864,16.962,15.989,16
TP001,6,HR01,PISI,1995,INGROWTH,58,0.259,2.361,0.874,0.837,16
TP001,6,HR01,PISI,1995,LIVE,208,38.92,917.856,339.143,325.579,16
TP001,6,HR01,PISI,1995,MORTALITY,30,16.229,396.314,146.421,140.583,16
TP001,6,HR01,THPL,1995,INGROWTH,0,0,0,0,0,16
TP001,6,HR01,THPL,1995,LIVE,1,0.778,9.817,3.073,4.269,16
TP001,6,HR01,THPL,1995,MORTALITY,0,0,0,0,0,16
TP001,6,HR01,TSHE,1995,INGROWTH,0,0,0,0,0,16
TP001,6,HR01,TSHE,1995,LIVE,72,20.307,416.593,174.969,157.933,16
TP001,6,HR01,TSHE,1995,MORTALITY,9,1.812,35.677,14.984,13.613,16
TP001,6,HR01,PSME,1995,INGROWTH,0,0,0,0,0,16
TP001,6,HR01,PSME,1995,LIVE,1,1.489,36.142,16.228,18.107,16
TP001,6,HR01,PSME,1995,MORTALITY,0,0,0,0,0,16
TP001,6,HR01,ALL,1995,INGROWTH,58,0.259,2.361,0.874,0.837,16
TP001,6,HR01,ALL,1995,LIVE,282,61.494,1380.409,533.413,505.887,16
TP001,6,HR01,ALL,1995,MORTALITY,39,18.041,431.991,161.405,154.196,16
TP001,6,HR01,PISI,2000,INGROWTH,48,0.235,2.186,0.809,0.775,16
TP001,6,HR01,PISI,2000,LIVE,228,40.689,958.161,353.953,339.876,16
TP001,6,HR01,PISI,2000,MORTALITY,29,0.191,1.913,0.708,0.678,16
TP001,6,HR01,THPL,2000,INGROWTH,0,0,0,0,0,16
TP001,6,HR01,THPL,2000,LIVE,1,0.814,10.382,3.25,4.495,16
TP001,6,HR01,THPL,2000,MORTALITY,0,0,0,0,0,16
TP001,6,HR01,TSHE,2000,INGROWTH,7,0.027,0.152,0.064,0.075,16
TP001,6,HR01,TSHE,2000,LIVE,71,18.961,394.418,165.656,149.102,16
TP001,6,HR01,TSHE,2000,MORTALITY,8,2.856,59.108,24.825,22.41,16
TP001,6,HR01,PSME,2000,INGROWTH,0,0,0,0,0,16
TP001,6,HR01,PSME,2000,LIVE,1,1.548,37.885,17.01,18.986,16
TP001,6,HR01,PSME,2000,MORTALITY,0,0,0,0,0,16
TP001,6,HR01,ALL,2000,INGROWTH,54,0.262,2.338,0.873,0.85,16
TP001,6,HR01,ALL,2000,LIVE,300,62.011,1400.847,539.869,512.46,16
TP001,6,HR01,ALL,2000,MORTALITY,36,3.046,61.021,25.533,23.088,16
TP001,6,HR01,PISI,2007,INGROWTH,80,7.665,194.93,71.936,69.15,16
TP001,6,HR01,PISI,2007,LIVE,281,48.425,1151.777,425.352,408.56,16
TP001,6,HR01,PISI,2007,MORTALITY,27,2.27,53.69,19.813,19.045,16
TP001,6,HR01,TSHE,2007,INGROWTH,10,0.807,16.23,6.817,6.175,16
TP001,6,HR01,TSHE,2007,LIVE,75,20.477,429.579,180.423,162.204,16
TP001,6,HR01,TSHE,2007,MORTALITY,5,1.415,32.636,13.707,12.092,16
TP001,6,HR01,PSME,2007,INGROWTH,0,0,0,0,0,16
TP001,6,HR01,PSME,2007,LIVE,1,1.579,38.807,17.425,19.452,16
TP001,6,HR01,PSME,2007,MORTALITY,0,0,0,0,0,16
TP001,6,HR01,RHPU,2007,INGROWTH,2,0.025,0.174,0.064,0.095,16
TP001,6,HR01,RHPU,2007,LIVE,2,0.025,0.174,0.064,0.095,16
TP001,6,HR01,RHPU,2007,MORTALITY,0,0,0,0,0,16
TP001,6,HR01,THPL,2007,INGROWTH,0,0,0,0,0,16
TP001,6,HR01,THPL,2007,LIVE,1,0.886,11.511,3.603,4.946,16
TP001,6,HR01,THPL,2007,MORTALITY,0,0,0,0,0,16
TP001,6,HR01,ALRU,2007,INGROWTH,1,0.002,0.009,0.003,0.006,16
TP001,6,HR01,ALRU,2007,LIVE,1,0.002,0.009,0.003,0.006,16
TP001,6,HR01,ALRU,2007,MORTALITY,0,0,0,0,0,16
TP001,6,HR01,MAFU,2007,INGROWTH,1,0.003,0.016,0.006,0.009,16
TP001,6,HR01,MAFU,2007,LIVE,1,0.003,0.016,0.006,0.009,16
TP001,6,HR01,MAFU,2007,MORTALITY,0,0,0,0,0,16
TP001,6,HR01,ACMA,2007,INGROWTH,1,0.004,0.027,0.012,0.017,16
TP001,6,HR01,ACMA,2007,LIVE,1,0.004,0.027,0.012,0.017,16
TP001,6,HR01,ACMA,2007,MORTALITY,0,0,0,0,0,16
TP001,6,HR01,ALL,2007,INGROWTH,94,8.506,211.386,78.838,75.451,16
TP001,6,HR01,ALL,2007,LIVE,364,71.401,1631.899,626.888,595.288,16
TP001,6,HR01,ALL,2007,MORTALITY,32,3.685,86.326,33.52,31.137,16
TP001,6,HR02,PISI,1978,INGROWTH,0,0,0,0,0,16
TP001,6,HR02,PISI,1978,LIVE,64,92.175,2265.212,836.4,803.533,16
TP001,6,HR02,PISI,1978,MORTALITY,0,0,0,0,0,16
TP001,6,HR02,THPL,1978,INGROWTH,0,0,0,0,0,16
TP001,6,HR02,THPL,1978,LIVE,1,0.227,2.043,0.639,1.06,16
TP001,6,HR02,THPL,1978,MORTALITY,0,0,0,0,0,16
TP001,6,HR02,TSHE,1978,INGROWTH,0,0,0,0,0,16
TP001,6,HR02,TSHE,1978,LIVE,68,11.114,199.857,83.94,77.638,16
TP001,6,HR02,TSHE,1978,MORTALITY,0,0,0,0,0,16
TP001,6,HR02,PSME,1978,INGROWTH,0,0,0,0,0,16
TP001,6,HR02,PSME,1978,LIVE,1,1.711,42.769,19.203,21.454,16
TP001,6,HR02,PSME,1978,MORTALITY,0,0,0,0,0,16
TP001,6,HR02,ALL,1978,INGROWTH,0,0,0,0,0,16
TP001,6,HR02,ALL,1978,LIVE,133,105.227,2509.881,940.182,903.685,16
TP001,6,HR02,ALL,1978,MORTALITY,0,0,0,0,0,16
TP001,6,HR02,PISI,1984,INGROWTH,17,0.05,0.413,0.153,0.146,16
TP001,6,HR02,PISI,1984,LIVE,76,85.296,2107.145,777.953,747.466,16
TP001,6,HR02,PISI,1984,MORTALITY,5,8.729,209.182,77.236,74.201,16
TP001,6,HR02,THPL,1984,INGROWTH,0,0,0,0,0,16
TP001,6,HR02,THPL,1984,LIVE,1,0.246,2.28,0.714,1.165,16
TP001,6,HR02,THPL,1984,MORTALITY,0,0,0,0,0,16
TP001,6,HR02,TSHE,1984,INGROWTH,0,0,0,0,0,16
TP001,6,HR02,TSHE,1984,LIVE,65,11.423,208.359,87.511,80.735,16
TP001,6,HR02,TSHE,1984,MORTALITY,4,0.436,7.079,2.973,2.813,16
TP001,6,HR02,PSME,1984,INGROWTH,0,0,0,0,0,16
TP001,6,HR02,PSME,1984,LIVE,1,1.767,44.394,19.933,22.317,16
TP001,6,HR02,PSME,1984,MORTALITY,0,0,0,0,0,16
TP001,6,HR02,ALL,1984,INGROWTH,17,0.05,0.413,0.153,0.146,16
TP001,6,HR02,ALL,1984,LIVE,142,98.732,2362.178,886.111,851.683,16
TP001,6,HR02,ALL,1984,MORTALITY,8,9.165,216.261,80.21,77.014,16
TP001,6,HR02,PISI,1989,INGROWTH,21,0.083,0.736,0.272,0.261,16
TP001,6,HR02,PISI,1989,LIVE,97,87.072,2155.332,795.703,764.561,16
TP001,6,HR02,PISI,1989,MORTALITY,1,0.005,0.046,0.017,0.016,16
TP001,6,HR02,THPL,1989,INGROWTH,0,0,0,0,0,16
TP001,6,HR02,THPL,1989,LIVE,1,0.261,2.454,0.768,1.242,16
TP001,6,HR02,THPL,1989,MORTALITY,0,0,0,0,0,16
TP001,6,HR02,TSHE,1989,INGROWTH,2,0.014,0.085,0.036,0.041,16
TP001,6,HR02,TSHE,1989,LIVE,65,11.561,212.337,89.182,82.175,16
TP001,6,HR02,TSHE,1989,MORTALITY,2,0.599,11.352,4.768,4.384,16
TP001,6,HR02,PSME,1989,INGROWTH,0,0,0,0,0,16
TP001,6,HR02,PSME,1989,LIVE,1,1.815,45.851,20.587,23.051,16
TP001,6,HR02,PSME,1989,MORTALITY,0,0,0,0,0,16
TP001,6,HR02,ALL,1989,INGROWTH,23,0.097,0.821,0.308,0.302,16
TP001,6,HR02,ALL,1989,LIVE,163,100.708,2415.975,906.24,871.028,16
TP001,6,HR02,ALL,1989,MORTALITY,4,0.604,11.398,4.785,4.401,16
TP001,6,HR02,PISI,1995,INGROWTH,41,0.152,1.317,0.487,0.467,16
TP001,6,HR02,PISI,1995,LIVE,120,78.432,1954.811,721.546,693.435,16
TP001,6,HR02,PISI,1995,MORTALITY,20,11.053,265.334,98.004,94.119,16
TP001,6,HR02,THPL,1995,INGROWTH,0,0,0,0,0,16
TP001,6,HR02,THPL,1995,LIVE,1,0.28,2.694,0.843,1.346,16
TP001,6,HR02,THPL,1995,MORTALITY,0,0,0,0,0,16
TP001,6,HR02,TSHE,1995,INGROWTH,2,0.016,0.114,0.048,0.054,16
TP001,6,HR02,TSHE,1995,LIVE,59,11.081,206.719,86.822,79.77,16
TP001,6,HR02,TSHE,1995,MORTALITY,8,1.262,22.25,9.345,8.693,16
TP001,6,HR02,PSME,1995,INGROWTH,0,0,0,0,0,16
TP001,6,HR02,PSME,1995,LIVE,1,1.815,45.851,20.587,23.051,16
TP001,6,HR02,PSME,1995,MORTALITY,0,0,0,0,0,16
TP001,6,HR02,ALL,1995,INGROWTH,43,0.168,1.431,0.535,0.52,16
TP001,6,HR02,ALL,1995,LIVE,180,91.607,2210.075,829.798,797.601,16
TP001,6,HR02,ALL,1995,MORTALITY,27,12.315,287.584,107.349,102.813,16
TP001,6,HR02,PISI,2000,INGROWTH,25,0.104,0.946,0.35,0.335,16
TP001,6,HR02,PISI,2000,LIVE,139,80.978,2024.029,747.054,717.991,16
TP001,6,HR02,PISI,2000,MORTALITY,5,0.018,0.161,0.06,0.057,16
TP001,6,HR02,THPL,2000,INGROWTH,0,0,0,0,0,16
TP001,6,HR02,THPL,2000,LIVE,1,0.289,2.813,0.881,1.398,16
TP001,6,HR02,THPL,2000,MORTALITY,0,0,0,0,0,16
TP001,6,HR02,TSHE,2000,INGROWTH,2,0.006,0.028,0.012,0.014,16
TP001,6,HR02,TSHE,2000,LIVE,59,11.639,220.685,92.688,84.914,16
TP001,6,HR02,TSHE,2000,MORTALITY,2,0.284,4.661,1.958,1.847,16
TP001,6,HR02,PSME,2000,INGROWTH,0,0,0,0,0,16
TP001,6,HR02,PSME,2000,LIVE,0,0,0,0,0,16
TP001,6,HR02,PSME,2000,MORTALITY,1,1.815,45.851,20.587,23.051,16
TP001,6,HR02,ALL,2000,INGROWTH,27,0.11,0.975,0.362,0.35,16
TP001,6,HR02,ALL,2000,LIVE,199,92.907,2247.527,840.622,804.302,16
TP001,6,HR02,ALL,2000,MORTALITY,8,2.117,50.673,22.604,24.955,16
TP001,6,HR02,PISI,2007,INGROWTH,46,3.411,86.231,31.821,30.59,16
TP001,6,HR02,PISI,2007,LIVE,180,87.067,2180.078,804.65,773.349,16
TP001,6,HR02,PISI,2007,MORTALITY,5,0.02,0.178,0.066,0.063,16
TP001,6,HR02,THPL,2007,INGROWTH,0,0,0,0,0,16
TP001,6,HR02,THPL,2007,LIVE,1,0.33,3.332,1.043,1.62,16
TP001,6,HR02,THPL,2007,MORTALITY,0,0,0,0,0,16
TP001,6,HR02,TSHE,2007,INGROWTH,14,1.334,23.019,9.668,9.045,16
TP001,6,HR02,TSHE,2007,LIVE,69,13.399,255.614,107.358,98.278,16
TP001,6,HR02,TSHE,2007,MORTALITY,4,1.013,21.093,8.859,7.984,16
TP001,6,HR02,RHPU,2007,INGROWTH,2,0.005,0.022,0.008,0.012,16
TP001,6,HR02,RHPU,2007,LIVE,2,0.005,0.022,0.008,0.012,16
TP001,6,HR02,RHPU,2007,MORTALITY,0,0,0,0,0,16
TP001,6,HR02,ALL,2007,INGROWTH,60,4.75,109.272,41.497,39.647,16
TP001,6,HR02,ALL,2007,LIVE,251,100.801,2439.045,913.059,873.259,16
TP001,6,HR02,ALL,2007,MORTALITY,8,1.033,21.271,8.925,8.047,16
TP001,6,HR03,PISI,1978,INGROWTH,0,0,0,0,0,16
TP001,6,HR03,PISI,1978,LIVE,43,44.292,1135.016,418.861,402.637,16
TP001,6,HR03,PISI,1978,MORTALITY,0,0,0,0,0,16
TP001,6,HR03,THPL,1978,INGROWTH,0,0,0,0,0,16
TP001,6,HR03,THPL,1978,LIVE,1,2.433,46.884,14.675,15.484,16
TP001,6,HR03,THPL,1978,MORTALITY,0,0,0,0,0,16
TP001,6,HR03,TSHE,1978,INGROWTH,0,0,0,0,0,16
TP001,6,HR03,TSHE,1978,LIVE,24,6.522,149.489,62.786,55.244,16
TP001,6,HR03,TSHE,1978,MORTALITY,0,0,0,0,0,16
TP001,6,HR03,ALRU,1978,INGROWTH,0,0,0,0,0,16
TP001,6,HR03,ALRU,1978,LIVE,2,0.56,8.107,2.999,3.815,16
TP001,6,HR03,ALRU,1978,MORTALITY,0,0,0,0,0,16
TP001,6,HR03,ALL,1978,INGROWTH,0,0,0,0,0,16
TP001,6,HR03,ALL,1978,LIVE,70,53.808,1339.496,499.321,477.181,16
TP001,6,HR03,ALL,1978,MORTALITY,0,0,0,0,0,16
TP001,6,HR03,PISI,1984,INGROWTH,64,0.273,2.446,0.905,0.867,16
TP001,6,HR03,PISI,1984,LIVE,108,45.731,1166.865,430.62,413.935,16
TP001,6,HR03,PISI,1984,MORTALITY,0,0,0,0,0,16
TP001,6,HR03,THPL,1984,INGROWTH,0,0,0,0,0,16
TP001,6,HR03,THPL,1984,LIVE,1,2.433,46.884,14.675,15.484,16
TP001,6,HR03,THPL,1984,MORTALITY,0,0,0,0,0,16
TP001,6,HR03,TSHE,1984,INGROWTH,4,0.05,0.411,0.173,0.187,16
TP001,6,HR03,TSHE,1984,LIVE,27,6.794,153.883,64.631,57.002,16
TP001,6,HR03,TSHE,1984,MORTALITY,0,0,0,0,0,16
TP001,6,HR03,ALRU,1984,INGROWTH,0,0,0,0,0,16
TP001,6,HR03,ALRU,1984,LIVE,2,0.589,8.632,3.194,4.052,16
TP001,6,HR03,ALRU,1984,MORTALITY,0,0,0,0,0,16
TP001,6,HR03,ALL,1984,INGROWTH,67,0.323,2.857,1.078,1.054,16
TP001,6,HR03,ALL,1984,LIVE,138,55.548,1376.265,513.119,490.472,16
TP001,6,HR03,ALL,1984,MORTALITY,0,0,0,0,0,16
TP001,6,HR03,PISI,1989,INGROWTH,89,0.519,5.026,1.86,1.781,16
TP001,6,HR03,PISI,1989,LIVE,196,49.617,1261.38,465.511,447.463,16
TP001,6,HR03,PISI,1989,MORTALITY,2,0.007,0.059,0.022,0.021,16
TP001,6,HR03,THPL,1989,INGROWTH,0,0,0,0,0,16
TP001,6,HR03,THPL,1989,LIVE,1,2.405,46.247,14.475,15.286,16
TP001,6,HR03,THPL,1989,MORTALITY,0,0,0,0,0,16
TP001,6,HR03,TSHE,1989,INGROWTH,2,0.009,0.049,0.021,0.024,16
TP001,6,HR03,TSHE,1989,LIVE,27,4.679,86.534,36.344,33.491,16
TP001,6,HR03,TSHE,1989,MORTALITY,2,2.432,73.654,30.935,25.911,16
TP001,6,HR03,ALRU,1989,INGROWTH,0,0,0,0,0,16
TP001,6,HR03,ALRU,1989,LIVE,2,0.624,9.266,3.428,4.336,16
TP001,6,HR03,ALRU,1989,MORTALITY,0,0,0,0,0,16
TP001,6,HR03,ALL,1989,INGROWTH,91,0.528,5.076,1.88,1.806,16
TP001,6,HR03,ALL,1989,LIVE,226,57.325,1403.427,519.758,500.577,16
TP001,6,HR03,ALL,1989,MORTALITY,4,2.439,73.713,30.956,25.932,16
TP001,6,HR03,PISI,1995,INGROWTH,67,0.306,2.785,1.03,0.987,16
TP001,6,HR03,PISI,1995,LIVE,255,49.291,1235.273,455.9,438.199,16
TP001,6,HR03,PISI,1995,MORTALITY,7,3.348,87.632,32.337,31.087,16
TP001,6,HR03,THPL,1995,INGROWTH,0,0,0,0,0,16
TP001,6,HR03,THPL,1995,LIVE,1,2.469,47.72,14.937,15.744,16
TP001,6,HR03,THPL,1995,MORTALITY,0,0,0,0,0,16
TP001,6,HR03,TSHE,1995,INGROWTH,4,0.034,0.226,0.095,0.107,16
TP001,6,HR03,TSHE,1995,LIVE,31,5.008,93.255,39.167,36.036,16
TP001,6,HR03,TSHE,1995,MORTALITY,0,0,0,0,0,16
TP001,6,HR03,ALRU,1995,INGROWTH,0,0,0,0,0,16
TP001,6,HR03,ALRU,1995,LIVE,2,0.657,9.893,3.661,4.615,16
TP001,6,HR03,ALRU,1995,MORTALITY,0,0,0,0,0,16
TP001,6,HR03,ALL,1995,INGROWTH,71,0.34,3.011,1.125,1.094,16
TP001,6,HR03,ALL,1995,LIVE,289,57.426,1386.142,513.664,494.594,16
TP001,6,HR03,ALL,1995,MORTALITY,7,3.348,87.632,32.337,31.087,16
TP001,6,HR03,PISI,2000,INGROWTH,52,0.189,1.637,0.606,0.58,16
TP001,6,HR03,PISI,2000,LIVE,293,49.744,1239.654,457.537,439.752,16
TP001,6,HR03,PISI,2000,MORTALITY,14,2.956,71.695,26.46,25.432,16
TP001,6,HR03,THPL,2000,INGROWTH,0,0,0,0,0,16
TP001,6,HR03,THPL,2000,LIVE,1,2.587,50.481,15.801,16.599,16
TP001,6,HR03,THPL,2000,MORTALITY,0,0,0,0,0,16
TP001,6,HR03,TSHE,2000,INGROWTH,1,0.006,0.037,0.016,0.018,16
TP001,6,HR03,TSHE,2000,LIVE,29,5.269,100.204,42.086,38.569,16
TP001,6,HR03,TSHE,2000,MORTALITY,4,0.139,1.602,0.673,0.682,16
TP001,6,HR03,ALRU,2000,INGROWTH,0,0,0,0,0,16
TP001,6,HR03,ALRU,2000,LIVE,2,0.704,10.774,3.987,5.006,16
TP001,6,HR03,ALRU,2000,MORTALITY,0,0,0,0,0,16
TP001,6,HR03,ALL,2000,INGROWTH,53,0.195,1.674,0.621,0.598,16
TP001,6,HR03,ALL,2000,LIVE,325,58.304,1401.114,519.41,499.926,16
TP001,6,HR03,ALL,2000,MORTALITY,17,3.095,73.297,27.133,26.114,16
TP001,6,HR03,PISI,2007,INGROWTH,92,0.626,6.408,2.371,2.271,16
TP001,6,HR03,PISI,2007,LIVE,358,54.63,1339.852,494.555,475.291,16
TP001,6,HR03,PISI,2007,MORTALITY,31,0.173,1.635,0.605,0.58,16
TP001,6,HR03,THPL,2007,INGROWTH,0,0,0,0,0,16
TP001,6,HR03,THPL,2007,LIVE,1,2.57,50.081,15.676,16.475,16
TP001,6,HR03,THPL,2007,MORTALITY,0,0,0,0,0,16
TP001,6,HR03,TSHE,2007,INGROWTH,2,0.313,5.95,2.499,2.296,16
TP001,6,HR03,TSHE,2007,LIVE,30,6.163,119.714,50.28,45.896,16
TP001,6,HR03,TSHE,2007,MORTALITY,1,0.006,0.037,0.016,0.018,16
TP001,6,HR03,ALRU,2007,INGROWTH,0,0,0,0,0,16
TP001,6,HR03,ALRU,2007,LIVE,2,0.73,11.266,4.169,5.225,16
TP001,6,HR03,ALRU,2007,MORTALITY,0,0,0,0,0,16
TP001,6,HR03,ALL,2007,INGROWTH,94,0.94,12.358,4.87,4.567,16
TP001,6,HR03,ALL,2007,LIVE,391,64.093,1520.914,564.679,542.888,16
TP001,6,HR03,ALL,2007,MORTALITY,32,0.179,1.672,0.621,0.597,16
TP001,6,HR04,PISI,1978,INGROWTH,0,0,0,0,0,16
TP001,6,HR04,PISI,1978,LIVE,28,53.841,1374.461,507.379,487.576,16
TP001,6,HR04,PISI,1978,MORTALITY,0,0,0,0,0,16
TP001,6,HR04,TSHE,1978,INGROWTH,0,0,0,0,0,16
TP001,6,HR04,TSHE,1978,LIVE,47,21.945,535.573,224.941,196.246,16
TP001,6,HR04,TSHE,1978,MORTALITY,0,0,0,0,0,16
TP001,6,HR04,ALRU,1978,INGROWTH,0,0,0,0,0,16
TP001,6,HR04,ALRU,1978,LIVE,1,0.407,6.45,2.386,2.974,16
TP001,6,HR04,ALRU,1978,MORTALITY,0,0,0,0,0,16
TP001,6,HR04,ALL,1978,INGROWTH,0,0,0,0,0,16
TP001,6,HR04,ALL,1978,LIVE,76,76.193,1916.484,734.706,686.796,16
TP001,6,HR04,ALL,1978,MORTALITY,0,0,0,0,0,16
TP001,6,HR04,PISI,1984,INGROWTH,55,0.251,2.274,0.841,0.806,16
TP001,6,HR04,PISI,1984,LIVE,83,54.705,1393.26,514.328,494.245,16
TP001,6,HR04,PISI,1984,MORTALITY,0,0,0,0,0,16
TP001,6,HR04,TSHE,1984,INGROWTH,0,0,0,0,0,16
TP001,6,HR04,TSHE,1984,LIVE,47,22.451,548.667,230.44,201.009,16
TP001,6,HR04,TSHE,1984,MORTALITY,0,0,0,0,0,16
TP001,6,HR04,ALRU,1984,INGROWTH,0,0,0,0,0,16
TP001,6,HR04,ALRU,1984,LIVE,1,0.442,7.143,2.643,3.279,16
TP001,6,HR04,ALRU,1984,MORTALITY,0,0,0,0,0,16
TP001,6,HR04,ALL,1984,INGROWTH,55,0.251,2.274,0.841,0.806,16
TP001,6,HR04,ALL,1984,LIVE,131,77.598,1949.07,747.411,698.533,16
TP001,6,HR04,ALL,1984,MORTALITY,0,0,0,0,0,16
TP001,6,HR04,PISI,1989,INGROWTH,47,0.183,1.598,0.591,0.566,16
TP001,6,HR04,PISI,1989,LIVE,130,55.645,1411.126,520.887,500.581,16
TP001,6,HR04,PISI,1989,MORTALITY,0,0,0,0,0,16
TP001,6,HR04,TSHE,1989,INGROWTH,1,0.003,0.016,0.007,0.008,16
TP001,6,HR04,TSHE,1989,LIVE,48,23.147,568.268,238.672,208.017,16
TP001,6,HR04,TSHE,1989,MORTALITY,0,0,0,0,0,16
TP001,6,HR04,ALRU,1989,INGROWTH,4,0.028,0.167,0.062,0.096,16
TP001,6,HR04,ALRU,1989,LIVE,5,0.462,7.144,2.643,3.302,16
TP001,6,HR04,ALRU,1989,MORTALITY,0,0,0,0,0,16
TP001,6,HR04,ALL,1989,INGROWTH,53,0.215,1.78,0.66,0.67,16
TP001,6,HR04,ALL,1989,LIVE,183,79.254,1986.537,762.202,711.9,16
TP001,6,HR04,ALL,1989,MORTALITY,0,0,0,0,0,16
TP001,6,HR04,PISI,1995,INGROWTH,109,0.41,3.61,1.336,1.279,16
TP001,6,HR04,PISI,1995,LIVE,225,54.964,1391.332,513.582,493.56,16
TP001,6,HR04,PISI,1995,MORTALITY,15,4.526,111.284,41.064,39.476,16
TP001,6,HR04,TSHE,1995,INGROWTH,4,0.01,0.044,0.018,0.023,16
TP001,6,HR04,TSHE,1995,LIVE,52,24.126,595.074,249.931,217.642,16
TP001,6,HR04,TSHE,1995,MORTALITY,0,0,0,0,0,16
TP001,6,HR04,ALRU,1995,INGROWTH,0,0,0,0,0,16
TP001,6,HR04,ALRU,1995,LIVE,5,0.516,7.639,2.826,3.561,16
TP001,6,HR04,ALRU,1995,MORTALITY,0,0,0,0,0,16
TP001,6,HR04,ALL,1995,INGROWTH,113,0.42,3.654,1.354,1.302,16
TP001,6,HR04,ALL,1995,LIVE,282,79.606,1994.045,766.339,714.764,16
TP001,6,HR04,ALL,1995,MORTALITY,15,4.526,111.284,41.064,39.476,16
TP001,6,HR04,PISI,2000,INGROWTH,49,0.168,1.434,0.531,0.508,16
TP001,6,HR04,PISI,2000,LIVE,265,55.918,1412.644,521.443,501.12,16
TP001,6,HR04,PISI,2000,MORTALITY,11,0.748,14.37,5.317,5.096,16
TP001,6,HR04,THPL,2000,INGROWTH,1,0.005,0.011,0.004,0.014,16
TP001,6,HR04,THPL,2000,LIVE,1,0.005,0.011,0.004,0.014,16
TP001,6,HR04,THPL,2000,MORTALITY,0,0,0,0,0,16
TP001,6,HR04,TSHE,2000,INGROWTH,18,0.074,0.407,0.171,0.2,16
TP001,6,HR04,TSHE,2000,LIVE,67,22.996,572.593,240.489,208.887,16
TP001,6,HR04,TSHE,2000,MORTALITY,4,2.299,58.64,24.629,21.354,16
TP001,6,HR04,ALRU,2000,INGROWTH,1,0.01,0.063,0.023,0.036,16
TP001,6,HR04,ALRU,2000,LIVE,7,0.58,8.327,3.081,3.906,16
TP001,6,HR04,ALRU,2000,MORTALITY,0,0,0,0,0,16
TP001,6,HR04,ALL,2000,INGROWTH,70,0.257,1.916,0.729,0.759,16
TP001,6,HR04,ALL,2000,LIVE,340,79.499,1993.575,765.017,713.927,16
TP001,6,HR04,ALL,2000,MORTALITY,15,3.047,73.01,29.946,26.451,16
TP001,6,HR04,PISI,2007,INGROWTH,77,0.364,3.344,1.237,1.185,16
TP001,6,HR04,PISI,2007,LIVE,316,56.497,1419.138,523.787,503.423,16
TP001,6,HR04,PISI,2007,MORTALITY,26,0.497,7.839,2.9,2.78,16
TP001,6,HR04,TSHE,2007,INGROWTH,40,0.477,7.214,3.03,2.858,16
TP001,6,HR04,TSHE,2007,LIVE,103,23.654,596.002,250.321,216.751,16
TP001,6,HR04,TSHE,2007,MORTALITY,4,1.716,42.239,17.74,15.466,16
TP001,6,HR04,RHPU,2007,INGROWTH,1,0.004,0.02,0.008,0.011,16
TP001,6,HR04,RHPU,2007,LIVE,1,0.004,0.02,0.008,0.011,16
TP001,6,HR04,RHPU,2007,MORTALITY,0,0,0,0,0,16
TP001,6,HR04,THPL,2007,INGROWTH,0,0,0,0,0,16
TP001,6,HR04,THPL,2007,LIVE,1,0.011,0.036,0.011,0.037,16
TP001,6,HR04,THPL,2007,MORTALITY,0,0,0,0,0,16
TP001,6,HR04,MAFU,2007,INGROWTH,4,0.009,0.039,0.014,0.022,16
TP001,6,HR04,MAFU,2007,LIVE,4,0.009,0.039,0.014,0.022,16
TP001,6,HR04,MAFU,2007,MORTALITY,0,0,0,0,0,16
TP001,6,HR04,ALRU,2007,INGROWTH,4,0.035,0.236,0.087,0.132,16
TP001,6,HR04,ALRU,2007,LIVE,9,0.922,14.232,5.266,6.556,16
TP001,6,HR04,ALRU,2007,MORTALITY,0,0,0,0,0,16
TP001,6,HR04,ALL,2007,INGROWTH,125,0.889,10.853,4.376,4.208,16
TP001,6,HR04,ALL,2007,LIVE,434,81.097,2029.466,779.407,726.8,16
TP001,6,HR04,ALL,2007,MORTALITY,30,2.213,50.078,20.641,18.246,16
TP001,6,HS02,PISI,1982,INGROWTH,0,0,0,0,0,16
TP001,6,HS02,PISI,1982,LIVE,1,6.928,206.576,76.227,73.291,16
TP001,6,HS02,PISI,1982,MORTALITY,0,0,0,0,0,16
TP001,6,HS02,TSHE,1982,INGROWTH,0,0,0,0,0,16
TP001,6,HS02,TSHE,1982,LIVE,224,58.051,1132.47,475.637,434.081,16
TP001,6,HS02,TSHE,1982,MORTALITY,0,0,0,0,0,16
TP001,6,HS02,ALL,1982,INGROWTH,0,0,0,0,0,16
TP001,6,HS02,ALL,1982,LIVE,225,64.979,1339.046,551.864,507.372,16
TP001,6,HS02,ALL,1982,MORTALITY,0,0,0,0,0,16
TP001,6,HS02,PISI,1989,INGROWTH,0,0,0,0,0,16
TP001,6,HS02,PISI,1989,LIVE,1,7.059,211.146,77.913,74.913,16
TP001,6,HS02,PISI,1989,MORTALITY,0,0,0,0,0,16
TP001,6,HS02,TSHE,1989,INGROWTH,11,0.028,0.13,0.055,0.066,16
TP001,6,HS02,TSHE,1989,LIVE,212,58.639,1175.751,493.815,448.334,16
TP001,6,HS02,TSHE,1989,MORTALITY,27,3.03,48.739,20.47,19.38,16
TP001,6,HS02,ALL,1989,INGROWTH,11,0.028,0.13,0.055,0.066,16
TP001,6,HS02,ALL,1989,LIVE,213,65.698,1386.897,571.728,523.247,16
TP001,6,HS02,ALL,1989,MORTALITY,27,3.03,48.739,20.47,19.38,16
TP001,6,HS02,PISI,1995,INGROWTH,0,0,0,0,0,16
TP001,6,HS02,PISI,1995,LIVE,1,7.359,221.639,81.785,78.636,16
TP001,6,HS02,PISI,1995,MORTALITY,0,0,0,0,0,16
TP001,6,HS02,TSHE,1995,INGROWTH,15,0.045,0.216,0.091,0.109,16
TP001,6,HS02,TSHE,1995,LIVE,211,56.369,1144.372,480.636,435.305,16
TP001,6,HS02,TSHE,1995,MORTALITY,17,5.626,118.012,49.565,44.585,16
TP001,6,HS02,ALL,1995,INGROWTH,15,0.045,0.216,0.091,0.109,16
TP001,6,HS02,ALL,1995,LIVE,212,63.728,1366.01,562.421,513.94,16
TP001,6,HS02,ALL,1995,MORTALITY,17,5.626,118.012,49.565,44.585,16
TP001,6,HS02,PISI,2000,INGROWTH,0,0,0,0,0,16
TP001,6,HS02,PISI,2000,LIVE,1,7.407,223.331,82.409,79.236,16
TP001,6,HS02,PISI,2000,MORTALITY,0,0,0,0,0,16
TP001,6,HS02,TSHE,2000,INGROWTH,8,0.02,0.097,0.041,0.049,16
TP001,6,HS02,TSHE,2000,LIVE,198,52.821,1084.861,455.642,411.687,16
TP001,6,HS02,TSHE,2000,MORTALITY,21,6.294,130.983,55.013,49.602,16
TP001,6,HS02,ALL,2000,INGROWTH,8,0.02,0.097,0.041,0.049,16
TP001,6,HS02,ALL,2000,LIVE,199,60.228,1308.192,538.051,490.923,16
TP001,6,HS02,ALL,2000,MORTALITY,21,6.294,130.983,55.013,49.602,16
TP001,6,HS02,PISI,2010,INGROWTH,13,0.042,0.363,0.134,0.129,16
TP001,6,HS02,PISI,2010,LIVE,14,7.638,230.363,85.004,81.731,16
TP001,6,HS02,PISI,2010,MORTALITY,0,0,0,0,0,16
TP001,6,HS02,TSHE,2010,INGROWTH,81,0.378,2.174,0.913,1.059,16
TP001,6,HS02,TSHE,2010,LIVE,226,38.142,792.763,332.96,299.787,16
TP001,6,HS02,TSHE,2010,MORTALITY,55,18.678,388.202,163.045,147.046,16
TP001,6,HS02,RHPU,2010,INGROWTH,4,0.01,0.047,0.017,0.026,16
TP001,6,HS02,RHPU,2010,LIVE,4,0.01,0.047,0.017,0.026,16
TP001,6,HS02,RHPU,2010,MORTALITY,0,0,0,0,0,16
TP001,6,HS02,ALL,2010,INGROWTH,96,0.429,2.583,1.064,1.213,16
TP001,6,HS02,ALL,2010,LIVE,242,45.791,1023.173,417.982,381.544,16
TP001,6,HS02,ALL,2010,MORTALITY,55,18.678,388.202,163.045,147.046,16
TP001,6,HS03,PISI,1983,INGROWTH,0,0,0,0,0,16
TP001,6,HS03,PISI,1983,LIVE,31,35.294,805.744,297.949,285.801,16
TP001,6,HS03,PISI,1983,MORTALITY,0,0,0,0,0,16
TP001,6,HS03,TSHE,1983,INGROWTH,0,0,0,0,0,16
TP001,6,HS03,TSHE,1983,LIVE,339,33.768,664.191,278.96,252.823,16
TP001,6,HS03,TSHE,1983,MORTALITY,0,0,0,0,0,16
TP001,6,HS03,ALL,1983,INGROWTH,0,0,0,0,0,16
TP001,6,HS03,ALL,1983,LIVE,369,69.062,1469.935,576.91,538.624,16
TP001,6,HS03,ALL,1983,MORTALITY,0,0,0,0,0,16
TP001,6,HS03,PISI,1989,INGROWTH,1,0.004,0.031,0.011,0.011,16
TP001,6,HS03,PISI,1989,LIVE,31,37.407,862.551,318.868,305.953,16
TP001,6,HS03,PISI,1989,MORTALITY,0,0,0,0,0,16
TP001,6,HS03,TSHE,1989,INGROWTH,39,0.102,0.474,0.199,0.242,16
TP001,6,HS03,TSHE,1989,LIVE,325,34.14,673.408,282.831,256.25,16
TP001,6,HS03,TSHE,1989,MORTALITY,53,1.799,37,15.54,13.886,16
TP001,6,HS03,ALL,1989,INGROWTH,40,0.106,0.505,0.211,0.252,16
TP001,6,HS03,ALL,1989,LIVE,356,71.547,1535.959,601.699,562.203,16
TP001,6,HS03,ALL,1989,MORTALITY,53,1.799,37,15.54,13.886,16
TP001,6,HS03,PISI,1995,INGROWTH,0,0,0,0,0,16
TP001,6,HS03,PISI,1995,LIVE,30,36.48,847.671,313.271,300.677,16
TP001,6,HS03,PISI,1995,MORTALITY,2,1.841,39.385,14.572,13.969,16
TP001,6,HS03,TSHE,1995,INGROWTH,23,0.062,0.293,0.123,0.149,16
TP001,6,HS03,TSHE,1995,LIVE,324,34.579,684.481,287.482,260.287,16
TP001,6,HS03,TSHE,1995,MORTALITY,25,1.302,25.224,10.594,9.627,16
TP001,6,HS03,RHPU,1995,INGROWTH,1,0.003,0.013,0.005,0.007,16
TP001,6,HS03,RHPU,1995,LIVE,1,0.003,0.013,0.005,0.007,16
TP001,6,HS03,RHPU,1995,MORTALITY,0,0,0,0,0,16
TP001,6,HS03,ALL,1995,INGROWTH,24,0.065,0.306,0.128,0.156,16
TP001,6,HS03,ALL,1995,LIVE,354,71.062,1532.165,600.757,560.971,16
TP001,6,HS03,ALL,1995,MORTALITY,27,3.143,64.608,25.166,23.596,16
TP001,6,HS03,PISI,2000,INGROWTH,0,0,0,0,0,16
TP001,6,HS03,PISI,2000,LIVE,28,36.255,850.926,314.415,301.834,16
TP001,6,HS03,PISI,2000,MORTALITY,2,1.52,32.26,11.936,11.442,16
TP001,6,HS03,TSHE,2000,INGROWTH,15,0.037,0.171,0.072,0.087,16
TP001,6,HS03,TSHE,2000,LIVE,312,33.968,672.141,282.299,255.63,16
TP001,6,HS03,TSHE,2000,MORTALITY,31,2.442,52.792,22.172,19.724,16
TP001,6,HS03,RHPU,2000,INGROWTH,0,0,0,0,0,16
TP001,6,HS03,RHPU,2000,LIVE,1,0.003,0.013,0.005,0.007,16
TP001,6,HS03,RHPU,2000,MORTALITY,0,0,0,0,0,16
TP001,6,HS03,ALL,2000,INGROWTH,15,0.037,0.171,0.072,0.087,16
TP001,6,HS03,ALL,2000,LIVE,340,70.225,1523.079,596.719,557.472,16
TP001,6,HS03,ALL,2000,MORTALITY,33,3.962,85.052,34.109,31.166,16
TP001,6,HS03,PISI,2008,INGROWTH,0,0,0,0,0,16
TP001,6,HS03,PISI,2008,LIVE,25,35.793,856.935,316.457,303.971,16
TP001,6,HS03,PISI,2008,MORTALITY,4,3.246,71.646,26.509,25.412,16
TP001,6,HS03,TSHE,2008,INGROWTH,30,0.081,0.375,0.158,0.191,16
TP001,6,HS03,TSHE,2008,LIVE,302,29.611,573.685,240.948,219.083,16
TP001,6,HS03,TSHE,2008,MORTALITY,39,6.731,149.28,62.698,55.595,16
TP001,6,HS03,RHPU,2008,INGROWTH,0,0,0,0,0,16
TP001,6,HS03,RHPU,2008,LIVE,0,0,0,0,0,16
TP001,6,HS03,RHPU,2008,MORTALITY,1,0.003,0.013,0.005,0.007,16
TP001,6,HS03,ALL,2008,INGROWTH,30,0.081,0.375,0.158,0.191,16
TP001,6,HS03,ALL,2008,LIVE,326,65.404,1430.62,557.405,523.054,16
TP001,6,HS03,ALL,2008,MORTALITY,43,9.98,220.938,89.211,81.015,16
TP001,6,HS04,PISI,1984,INGROWTH,0,0,0,0,0,16
TP001,6,HS04,PISI,1984,LIVE,101,39.643,904.408,334.21,320.798,16
TP001,6,HS04,PISI,1984,MORTALITY,0,0,0,0,0,16
TP001,6,HS04,TSHE,1984,INGROWTH,0,0,0,0,0,16
TP001,6,HS04,TSHE,1984,LIVE,118,28.439,651.363,273.572,241.088,16
TP001,6,HS04,TSHE,1984,MORTALITY,0,0,0,0,0,16
TP001,6,HS04,PSME,1984,INGROWTH,0,0,0,0,0,16
TP001,6,HS04,PSME,1984,LIVE,2,6.989,207.445,93.143,104.557,16
TP001,6,HS04,PSME,1984,MORTALITY,0,0,0,0,0,16
TP001,6,HS04,ALL,1984,INGROWTH,0,0,0,0,0,16
TP001,6,HS04,ALL,1984,LIVE,220,75.071,1763.216,700.925,666.442,16
TP001,6,HS04,ALL,1984,MORTALITY,0,0,0,0,0,16
TP001,6,HS04,PISI,1989,INGROWTH,8,0.019,0.156,0.058,0.055,16
TP001,6,HS04,PISI,1989,LIVE,95,38.301,871.424,322.057,309.098,16
TP001,6,HS04,PISI,1989,MORTALITY,14,2.296,55.945,20.644,19.845,16
TP001,6,HS04,TSHE,1989,INGROWTH,1,0.003,0.016,0.007,0.008,16
TP001,6,HS04,TSHE,1989,LIVE,114,29.674,682.987,286.855,252.628,16
TP001,6,HS04,TSHE,1989,MORTALITY,5,0.199,2.332,0.979,0.987,16
TP001,6,HS04,PSME,1989,INGROWTH,0,0,0,0,0,16
TP001,6,HS04,PSME,1989,LIVE,2,7.067,209.997,94.289,105.844,16
TP001,6,HS04,PSME,1989,MORTALITY,0,0,0,0,0,16
TP001,6,HS04,ALL,1989,INGROWTH,9,0.022,0.172,0.064,0.063,16
TP001,6,HS04,ALL,1989,LIVE,211,75.042,1764.409,703.201,667.57,16
TP001,6,HS04,ALL,1989,MORTALITY,18,2.495,58.276,21.623,20.832,16
TP001,6,HS04,PISI,1995,INGROWTH,8,0.023,0.195,0.072,0.069,16
TP001,6,HS04,PISI,1995,LIVE,88,35.38,801.03,296.027,284.127,16
TP001,6,HS04,PISI,1995,MORTALITY,15,3.922,94.449,34.884,33.503,16
TP001,6,HS04,TSHE,1995,INGROWTH,0,0,0,0,0,16
TP001,6,HS04,TSHE,1995,LIVE,109,30.024,691.617,290.479,255.802,16
TP001,6,HS04,TSHE,1995,MORTALITY,5,1.142,29.41,12.352,10.651,16
TP001,6,HS04,PSME,1995,INGROWTH,0,0,0,0,0,16
TP001,6,HS04,PSME,1995,LIVE,2,7.192,214.234,96.191,107.984,16
TP001,6,HS04,PSME,1995,MORTALITY,0,0,0,0,0,16
TP001,6,HS04,RHPU,1995,INGROWTH,2,0.019,0.125,0.046,0.069,16
TP001,6,HS04,RHPU,1995,LIVE,2,0.019,0.125,0.046,0.069,16
TP001,6,HS04,RHPU,1995,MORTALITY,0,0,0,0,0,16
TP001,6,HS04,ALL,1995,INGROWTH,9,0.042,0.32,0.118,0.138,16
TP001,6,HS04,ALL,1995,LIVE,201,72.614,1707.006,682.744,647.982,16
TP001,6,HS04,ALL,1995,MORTALITY,20,5.064,123.86,47.236,44.154,16
TP001,6,HS04,PISI,1999,INGROWTH,0,0,0,0,0,16
TP001,6,HS04,PISI,1999,LIVE,77,31.742,720.011,266.092,255.39,16
TP001,6,HS04,PISI,1999,MORTALITY,14,4.568,104.503,38.615,37.068,16
TP001,6,HS04,TSHE,1999,INGROWTH,0,0,0,0,0,16
TP001,6,HS04,TSHE,1999,LIVE,95,27.46,633.702,266.155,234.308,16
TP001,6,HS04,TSHE,1999,MORTALITY,15,3.465,80.939,33.994,29.866,16
TP001,6,HS04,PSME,1999,INGROWTH,0,0,0,0,0,16
TP001,6,HS04,PSME,1999,LIVE,1,2.461,66.448,29.835,33.44,16
TP001,6,HS04,PSME,1999,MORTALITY,1,4.811,150.408,67.533,75.867,16
TP001,6,HS04,RHPU,1999,INGROWTH,0,0,0,0,0,16
TP001,6,HS04,RHPU,1999,LIVE,2,0.019,0.128,0.047,0.07,16
TP001,6,HS04,RHPU,1999,MORTALITY,0,0,0,0,0,16
TP001,6,HS04,ALL,1999,INGROWTH,0,0,0,0,0,16
TP001,6,HS04,ALL,1999,LIVE,174,61.681,1420.289,562.13,523.209,16
TP001,6,HS04,ALL,1999,MORTALITY,30,12.844,335.85,140.143,142.8,16
TP001,6,HS04,PISI,2008,INGROWTH,14,0.069,0.649,0.24,0.23,16
TP001,6,HS04,PISI,2008,LIVE,78,34.302,787.387,290.979,279.292,16
TP001,6,HS04,PISI,2008,MORTALITY,13,0.12,1.287,0.476,0.456,16
TP001,6,HS04,TSHE,2008,INGROWTH,0,0,0,0,0,16
TP001,6,HS04,TSHE,2008,LIVE,86,26.973,618.234,259.658,228.978,16
TP001,6,HS04,TSHE,2008,MORTALITY,9,3.414,91.067,38.248,32.796,16
TP001,6,HS04,PSME,2008,INGROWTH,0,0,0,0,0,16
TP001,6,HS04,PSME,2008,LIVE,1,2.708,74.69,33.536,37.6,16
TP001,6,HS04,PSME,2008,MORTALITY,0,0,0,0,0,16
TP001,6,HS04,RHPU,2008,INGROWTH,7,0.03,0.161,0.06,0.089,16
TP001,6,HS04,RHPU,2008,LIVE,8,0.034,0.18,0.066,0.099,16
TP001,6,HS04,RHPU,2008,MORTALITY,0,0,0,0,0,16
TP001,6,HS04,ALL,2008,INGROWTH,20,0.099,0.81,0.3,0.319,16
TP001,6,HS04,ALL,2008,LIVE,172,64.017,1480.491,584.24,545.97,16
TP001,6,HS04,ALL,2008,MORTALITY,22,3.534,92.354,38.724,33.252,16
TP001,6,OL01,TSHE,1926,INGROWTH,0,0,0,0,0,4
TP001,6,OL01,TSHE,1926,LIVE,18,0.296,2.557,1.074,1.149,4
TP001,6,OL01,TSHE,1926,MORTALITY,0,0,0,0,0,4
TP001,6,OL01,PSME,1926,INGROWTH,0,0,0,0,0,4
TP001,6,OL01,PSME,1926,LIVE,233,10.44,130.757,58.71,63.651,4
TP001,6,OL01,PSME,1926,MORTALITY,0,0,0,0,0,4
TP001,6,OL01,RHPU,1926,INGROWTH,0,0,0,0,0,4
TP001,6,OL01,RHPU,1926,LIVE,1,0.004,0.025,0.009,0.014,4
TP001,6,OL01,RHPU,1926,MORTALITY,0,0,0,0,0,4
TP001,6,OL01,THPL,1926,INGROWTH,0,0,0,0,0,4
TP001,6,OL01,THPL,1926,LIVE,4,0.014,0.031,0.01,0.04,4
TP001,6,OL01,THPL,1926,MORTALITY,0,0,0,0,0,4
TP001,6,OL01,PIMO,1926,INGROWTH,0,0,0,0,0,4
TP001,6,OL01,PIMO,1926,LIVE,4,0.098,0.683,0.262,0.361,4
TP001,6,OL01,PIMO,1926,MORTALITY,0,0,0,0,0,4
TP001,6,OL01,PRUNU,1926,INGROWTH,0,0,0,0,0,4
TP001,6,OL01,PRUNU,1926,LIVE,16,0.177,1.181,0.437,0.646,4
TP001,6,OL01,PRUNU,1926,MORTALITY,0,0,0,0,0,4
TP001,6,OL01,ACMA,1926,INGROWTH,0,0,0,0,0,4
TP001,6,OL01,ACMA,1926,LIVE,5,0.072,0.654,0.288,0.373,4
TP001,6,OL01,ACMA,1926,MORTALITY,0,0,0,0,0,4
TP001,6,OL01,ALL,1926,INGROWTH,0,0,0,0,0,4
TP001,6,OL01,ALL,1926,LIVE,278,11.102,135.887,60.789,66.233,4
TP001,6,OL01,ALL,1926,MORTALITY,0,0,0,0,0,4
TP001,6,OL01,TSHE,1931,INGROWTH,0,0,0,0,0,4
TP001,6,OL01,TSHE,1931,LIVE,16,0.282,2.521,1.059,1.124,4
TP001,6,OL01,TSHE,1931,MORTALITY,3,0.032,0.246,0.103,0.113,4
TP001,6,OL01,PSME,1931,INGROWTH,1,0.003,0.019,0.008,0.009,4
TP001,6,OL01,PSME,1931,LIVE,212,11.089,142.889,64.157,69.643,4
TP001,6,OL01,PSME,1931,MORTALITY,22,0.332,3.465,1.556,1.674,4
TP001,6,OL01,RHPU,1931,INGROWTH,0,0,0,0,0,4
TP001,6,OL01,RHPU,1931,LIVE,0,0,0,0,0,4
TP001,6,OL01,RHPU,1931,MORTALITY,1,0.004,0.025,0.009,0.014,4
TP001,6,OL01,THPL,1931,INGROWTH,0,0,0,0,0,4
TP001,6,OL01,THPL,1931,LIVE,4,0.017,0.04,0.013,0.049,4
TP001,6,OL01,THPL,1931,MORTALITY,0,0,0,0,0,4
TP001,6,OL01,PIMO,1931,INGROWTH,0,0,0,0,0,4
TP001,6,OL01,PIMO,1931,LIVE,4,0.096,0.689,0.264,0.359,4
TP001,6,OL01,PIMO,1931,MORTALITY,1,0.004,0.013,0.005,0.01,4
TP001,6,OL01,PRUNU,1931,INGROWTH,0,0,0,0,0,4
TP001,6,OL01,PRUNU,1931,LIVE,10,0.139,0.965,0.357,0.527,4
TP001,6,OL01,PRUNU,1931,MORTALITY,6,0.046,0.28,0.104,0.154,4
TP001,6,OL01,ACMA,1931,INGROWTH,0,0,0,0,0,4
TP001,6,OL01,ACMA,1931,LIVE,4,0.074,0.694,0.305,0.393,4
TP001,6,OL01,ACMA,1931,MORTALITY,1,0.003,0.016,0.007,0.01,4
TP001,6,OL01,ALL,1931,INGROWTH,1,0.003,0.019,0.008,0.009,4
TP001,6,OL01,ALL,1931,LIVE,248,11.697,147.797,66.154,72.096,4
TP001,6,OL01,ALL,1931,MORTALITY,32,0.42,4.046,1.784,1.975,4
TP001,6,OL01,TSHE,1936,INGROWTH,1,0.003,0.014,0.006,0.007,4
TP001,6,OL01,TSHE,1936,LIVE,16,0.285,2.576,1.082,1.146,4
TP001,6,OL01,TSHE,1936,MORTALITY,1,0.017,0.159,0.067,0.071,4
TP001,6,OL01,PSME,1936,INGROWTH,1,0.002,0.014,0.006,0.007,4
TP001,6,OL01,PSME,1936,LIVE,194,11.746,155.798,69.953,76.031,4
TP001,6,OL01,PSME,1936,MORTALITY,20,0.359,3.808,1.71,1.841,4
TP001,6,OL01,THPL,1936,INGROWTH,1,0.003,0.006,0.002,0.007,4
TP001,6,OL01,THPL,1936,LIVE,4,0.023,0.057,0.018,0.068,4
TP001,6,OL01,THPL,1936,MORTALITY,0,0,0,0,0,4
TP001,6,OL01,PIMO,1936,INGROWTH,0,0,0,0,0,4
TP001,6,OL01,PIMO,1936,LIVE,3,0.074,0.52,0.199,0.273,4
TP001,6,OL01,PIMO,1936,MORTALITY,1,0.025,0.194,0.074,0.097,4
TP001,6,OL01,PRUNU,1936,INGROWTH,0,0,0,0,0,4
TP001,6,OL01,PRUNU,1936,LIVE,7,0.107,0.759,0.281,0.414,4
TP001,6,OL01,PRUNU,1936,MORTALITY,4,0.035,0.226,0.084,0.124,4
TP001,6,OL01,ACMA,1936,INGROWTH,0,0,0,0,0,4
TP001,6,OL01,ACMA,1936,LIVE,4,0.079,0.755,0.332,0.425,4
TP001,6,OL01,ACMA,1936,MORTALITY,0,0,0,0,0,4
TP001,6,OL01,ALL,1936,INGROWTH,2,0.007,0.034,0.014,0.021,4
TP001,6,OL01,ALL,1936,LIVE,226,12.314,160.465,71.865,78.358,4
TP001,6,OL01,ALL,1936,MORTALITY,24,0.436,4.387,1.934,2.132,4
TP001,6,OL01,TSHE,1941,INGROWTH,0,0,0,0,0,4
TP001,6,OL01,TSHE,1941,LIVE,14,0.284,2.651,1.114,1.173,4
TP001,6,OL01,TSHE,1941,MORTALITY,2,0.017,0.115,0.048,0.054,4
TP001,6,OL01,PSME,1941,INGROWTH,0,0,0,0,0,4
TP001,6,OL01,PSME,1941,LIVE,173,12.234,166.813,74.899,81.503,4
TP001,6,OL01,PSME,1941,MORTALITY,22,0.445,4.747,2.131,2.295,4
TP001,6,OL01,THPL,1941,INGROWTH,0,0,0,0,0,4
TP001,6,OL01,THPL,1941,LIVE,4,0.027,0.072,0.022,0.082,4
TP001,6,OL01,THPL,1941,MORTALITY,0,0,0,0,0,4
TP001,6,OL01,PIMO,1941,INGROWTH,0,0,0,0,0,4
TP001,6,OL01,PIMO,1941,LIVE,1,0.02,0.139,0.053,0.073,4
TP001,6,OL01,PIMO,1941,MORTALITY,2,0.055,0.387,0.148,0.203,4
TP001,6,OL01,PRUNU,1941,INGROWTH,0,0,0,0,0,4
TP001,6,OL01,PRUNU,1941,LIVE,3,0.04,0.291,0.108,0.159,4
TP001,6,OL01,PRUNU,1941,MORTALITY,5,0.067,0.473,0.175,0.258,4
TP001,6,OL01,ACMA,1941,INGROWTH,0,0,0,0,0,4
TP001,6,OL01,ACMA,1941,LIVE,4,0.087,0.844,0.372,0.473,4
TP001,6,OL01,ACMA,1941,MORTALITY,0,0,0,0,0,4
TP001,6,OL01,ALL,1941,INGROWTH,0,0,0,0,0,4
TP001,6,OL01,ALL,1941,LIVE,197,12.691,170.811,76.568,83.463,4
TP001,6,OL01,ALL,1941,MORTALITY,30,0.584,5.721,2.503,2.81,4
TP001,6,OL01,TSHE,1946,INGROWTH,0,0,0,0,0,4
TP001,6,OL01,TSHE,1946,LIVE,13,0.282,2.702,1.135,1.189,4
TP001,6,OL01,TSHE,1946,MORTALITY,2,0.027,0.253,0.106,0.112,4
TP001,6,OL01,PSME,1946,INGROWTH,0,0,0,0,0,4
TP001,6,OL01,PSME,1946,LIVE,159,12.874,180.371,80.987,88.232,4
TP001,6,OL01,PSME,1946,MORTALITY,15,0.445,5.245,2.355,2.547,4
TP001,6,OL01,THPL,1946,INGROWTH,0,0,0,0,0,4
TP001,6,OL01,THPL,1946,LIVE,4,0.035,0.1,0.031,0.108,4
TP001,6,OL01,THPL,1946,MORTALITY,0,0,0,0,0,4
TP001,6,OL01,PIMO,1946,INGROWTH,0,0,0,0,0,4
TP001,6,OL01,PIMO,1946,LIVE,0,0,0,0,0,4
TP001,6,OL01,PIMO,1946,MORTALITY,1,0.02,0.139,0.053,0.073,4
TP001,6,OL01,PRUNU,1946,INGROWTH,0,0,0,0,0,4
TP001,6,OL01,PRUNU,1946,LIVE,2,0.036,0.27,0.1,0.147,4
TP001,6,OL01,PRUNU,1946,MORTALITY,1,0.004,0.025,0.009,0.014,4
TP001,6,OL01,ACMA,1946,INGROWTH,0,0,0,0,0,4
TP001,6,OL01,ACMA,1946,LIVE,4,0.102,1.032,0.454,0.573,4
TP001,6,OL01,ACMA,1946,MORTALITY,0,0,0,0,0,4
TP001,6,OL01,ALL,1946,INGROWTH,0,0,0,0,0,4
TP001,6,OL01,ALL,1946,LIVE,180,13.328,184.475,82.707,90.248,4
TP001,6,OL01,ALL,1946,MORTALITY,17,0.496,5.662,2.524,2.746,4
TP001,6,OL01,THPL,1957,INGROWTH,7,0.073,0.222,0.069,0.23,4
TP001,6,OL01,THPL,1957,LIVE,11,0.124,0.393,0.123,0.396,4
TP001,6,OL01,THPL,1957,MORTALITY,0,0,0,0,0,4
TP001,6,OL01,TSHE,1957,INGROWTH,3,0.013,0.077,0.032,0.037,4
TP001,6,OL01,TSHE,1957,LIVE,15,0.336,3.331,1.399,1.456,4
TP001,6,OL01,TSHE,1957,MORTALITY,1,0.004,0.026,0.011,0.013,4
TP001,6,OL01,PSME,1957,INGROWTH,0,0,0,0,0,4
TP001,6,OL01,PSME,1957,LIVE,144,14.275,208.295,93.524,102.074,4
TP001,6,OL01,PSME,1957,MORTALITY,15,0.385,4.237,1.903,2.051,4
TP001,6,OL01,PRUNU,1957,INGROWTH,0,0,0,0,0,4
TP001,6,OL01,PRUNU,1957,LIVE,0,0,0,0,0,4
TP001,6,OL01,PRUNU,1957,MORTALITY,2,0.036,0.27,0.1,0.147,4
TP001,6,OL01,ACMA,1957,INGROWTH,0,0,0,0,0,4
TP001,6,OL01,ACMA,1957,LIVE,4,0.113,1.185,0.521,0.654,4
TP001,6,OL01,ACMA,1957,MORTALITY,0,0,0,0,0,4
TP001,6,OL01,ALL,1957,INGROWTH,10,0.086,0.298,0.102,0.268,4
TP001,6,OL01,ALL,1957,LIVE,173,14.849,213.203,95.568,104.579,4
TP001,6,OL01,ALL,1957,MORTALITY,17,0.425,4.534,2.014,2.211,4
TP001,6,OL01,THPL,1963,INGROWTH,0,0,0,0,0,4
TP001,6,OL01,THPL,1963,LIVE,11,0.179,0.656,0.205,0.603,4
TP001,6,OL01,THPL,1963,MORTALITY,0,0,0,0,0,4
TP001,6,OL01,TSHE,1963,INGROWTH,0,0,0,0,0,4
TP001,6,OL01,TSHE,1963,LIVE,12,0.349,3.669,1.541,1.585,4
TP001,6,OL01,TSHE,1963,MORTALITY,3,0.033,0.251,0.105,0.116,4
TP001,6,OL01,PSME,1963,INGROWTH,0,0,0,0,0,4
TP001,6,OL01,PSME,1963,LIVE,133,14.676,218.56,98.133,107.199,4
TP001,6,OL01,PSME,1963,MORTALITY,12,0.544,7.281,3.269,3.557,4
TP001,6,OL01,ACMA,1963,INGROWTH,0,0,0,0,0,4
TP001,6,OL01,ACMA,1963,LIVE,4,0.13,1.417,0.624,0.775,4
TP001,6,OL01,ACMA,1963,MORTALITY,0,0,0,0,0,4
TP001,6,OL01,ALL,1963,INGROWTH,0,0,0,0,0,4
TP001,6,OL01,ALL,1963,LIVE,159,15.335,224.301,100.503,110.162,4
TP001,6,OL01,ALL,1963,MORTALITY,14,0.577,7.532,3.375,3.673,4
TP001,6,OL01,THPL,1971,INGROWTH,0,0,0,0,0,4
TP001,6,OL01,THPL,1971,LIVE,11,0.238,0.972,0.304,0.832,4
TP001,6,OL01,THPL,1971,MORTALITY,0,0,0,0,0,4
TP001,6,OL01,TSHE,1971,INGROWTH,0,0,0,0,0,4
TP001,6,OL01,TSHE,1971,LIVE,12,0.401,4.37,1.835,1.875,4
TP001,6,OL01,TSHE,1971,MORTALITY,0,0,0,0,0,4
TP001,6,OL01,PSME,1971,INGROWTH,0,0,0,0,0,4
TP001,6,OL01,PSME,1971,LIVE,117,15.159,231.88,104.114,113.861,4
TP001,6,OL01,PSME,1971,MORTALITY,17,0.526,5.771,2.591,2.791,4
TP001,6,OL01,ACMA,1971,INGROWTH,0,0,0,0,0,4
TP001,6,OL01,ACMA,1971,LIVE,4,0.147,1.657,0.729,0.9,4
TP001,6,OL01,ACMA,1971,MORTALITY,0,0,0,0,0,4
TP001,6,OL01,ALL,1971,INGROWTH,0,0,0,0,0,4
TP001,6,OL01,ALL,1971,LIVE,143,15.945,238.879,106.983,117.468,4
TP001,6,OL01,ALL,1971,MORTALITY,17,0.526,5.771,2.591,2.791,4
TP001,6,OL01,THPL,1993,INGROWTH,16,0.33,1.403,0.439,1.166,4
TP001,6,OL01,THPL,1993,LIVE,26,0.877,4.489,1.405,3.305,4
TP001,6,OL01,THPL,1993,MORTALITY,0,0,0,0,0,4
TP001,6,OL01,TSHE,1993,INGROWTH,25,0.293,2.326,0.977,1.063,4
TP001,6,OL01,TSHE,1993,LIVE,36,1.046,12.403,5.209,5.216,4
TP001,6,OL01,TSHE,1993,MORTALITY,1,0.011,0.084,0.035,0.038,4
TP001,6,OL01,PSME,1993,INGROWTH,0,0,0,0,0,4
TP001,6,OL01,PSME,1993,LIVE,98,17.715,290.384,130.382,143.023,4
TP001,6,OL01,PSME,1993,MORTALITY,20,1.323,18.149,8.149,8.872,4
TP001,6,OL01,ACMA,1993,INGROWTH,1,0.003,0.02,0.009,0.013,4
TP001,6,OL01,ACMA,1993,LIVE,4,0.164,2.108,0.927,1.125,4
TP001,6,OL01,ACMA,1993,MORTALITY,2,0.047,0.493,0.217,0.271,4
TP001,6,OL01,ALL,1993,INGROWTH,41,0.626,3.749,1.425,2.242,4
TP001,6,OL01,ALL,1993,LIVE,162,19.802,309.384,137.924,152.669,4
TP001,6,OL01,ALL,1993,MORTALITY,22,1.38,18.726,8.401,9.181,4
TP001,6,OL01,THPL,1999,INGROWTH,0,0,0,0,0,4
TP001,6,OL01,THPL,1999,LIVE,26,1.007,5.494,1.72,3.884,4
TP001,6,OL01,THPL,1999,MORTALITY,1,0.037,0.214,0.067,0.147,4
TP001,6,OL01,TSHE,1999,INGROWTH,2,0.022,0.195,0.082,0.087,4
TP001,6,OL01,TSHE,1999,LIVE,36,1.063,12.419,5.216,5.243,4
TP001,6,OL01,TSHE,1999,MORTALITY,2,0.135,2.131,0.895,0.851,4
TP001,6,OL01,PSME,1999,INGROWTH,0,0,0,0,0,4
TP001,6,OL01,PSME,1999,LIVE,93,18.165,302.191,135.684,148.934,4
TP001,6,OL01,PSME,1999,MORTALITY,6,0.375,5.188,2.329,2.537,4
TP001,6,OL01,ACMA,1999,INGROWTH,0,0,0,0,0,4
TP001,6,OL01,ACMA,1999,LIVE,4,0.186,2.443,1.075,1.302,4
TP001,6,OL01,ACMA,1999,MORTALITY,0,0,0,0,0,4
TP001,6,OL01,ALL,1999,INGROWTH,2,0.022,0.195,0.082,0.087,4
TP001,6,OL01,ALL,1999,LIVE,156,20.421,322.548,143.695,159.363,4
TP001,6,OL01,ALL,1999,MORTALITY,8,0.547,7.532,3.291,3.535,4
TP001,6,OL01,THPL,2004,INGROWTH,1,0.042,0.249,0.078,0.167,4
TP001,6,OL01,THPL,2004,LIVE,26,1.193,6.848,2.143,4.684,4
TP001,6,OL01,THPL,2004,MORTALITY,0,0,0,0,0,4
TP001,6,OL01,TSHE,2004,INGROWTH,0,0,0,0,0,4
TP001,6,OL01,TSHE,2004,LIVE,36,1.168,13.98,5.871,5.874,4
TP001,6,OL01,TSHE,2004,MORTALITY,0,0,0,0,0,4
TP001,6,OL01,PSME,2004,INGROWTH,1,0.334,6.542,2.938,3.247,4
TP001,6,OL01,PSME,2004,LIVE,88,18.584,314.26,141.103,154.994,4
TP001,6,OL01,PSME,2004,MORTALITY,5,0.432,6.066,2.724,2.967,4
TP001,6,OL01,ACMA,2004,INGROWTH,0,0,0,0,0,4
TP001,6,OL01,ACMA,2004,LIVE,4,0.205,2.757,1.213,1.467,4
TP001,6,OL01,ACMA,2004,MORTALITY,0,0,0,0,0,4
TP001,6,OL01,ALL,2004,INGROWTH,2,0.376,6.791,3.015,3.413,4
TP001,6,OL01,ALL,2004,LIVE,152,21.15,337.844,150.33,167.019,4
TP001,6,OL01,ALL,2004,MORTALITY,5,0.432,6.066,2.724,2.967,4
TP001,6,OL01,THPL,2009,INGROWTH,1,0.002,0.003,0.001,0.004,4
TP001,6,OL01,THPL,2009,LIVE,27,1.386,8.418,2.635,5.555,4
TP001,6,OL01,THPL,2009,MORTALITY,0,0,0,0,0,4
TP001,6,OL01,TSHE,2009,INGROWTH,4,0.012,0.067,0.028,0.033,4
TP001,6,OL01,TSHE,2009,LIVE,37,1.047,11.888,4.993,5.049,4
TP001,6,OL01,TSHE,2009,MORTALITY,2,0.204,3.286,1.38,1.31,4
TP001,6,OL01,PSME,2009,INGROWTH,0,0,0,0,0,4
TP001,6,OL01,PSME,2009,LIVE,82,17.915,304.466,136.705,150.194,4
TP001,6,OL01,PSME,2009,MORTALITY,7,1.511,26.787,12.027,13.242,4
TP001,6,OL01,ACMA,2009,INGROWTH,0,0,0,0,0,4
TP001,6,OL01,ACMA,2009,LIVE,4,0.243,3.372,1.484,1.792,4
TP001,6,OL01,ACMA,2009,MORTALITY,0,0,0,0,0,4
TP001,6,OL01,ALL,2009,INGROWTH,4,0.014,0.07,0.029,0.037,4
TP001,6,OL01,ALL,2009,LIVE,148,20.591,328.143,145.816,162.59,4
TP001,6,OL01,ALL,2009,MORTALITY,9,1.715,30.073,13.408,14.551,4
TP001,6,OL02,TSHE,1926,INGROWTH,0,0,0,0,0,4
TP001,6,OL02,TSHE,1926,LIVE,22,0.445,4.213,1.769,1.858,4
TP001,6,OL02,TSHE,1926,MORTALITY,0,0,0,0,0,4
TP001,6,OL02,PSME,1926,INGROWTH,0,0,0,0,0,4
TP001,6,OL02,PSME,1926,LIVE,217,9.567,117.505,52.76,57.15,4
TP001,6,OL02,PSME,1926,MORTALITY,0,0,0,0,0,4
TP001,6,OL02,CONU,1926,INGROWTH,0,0,0,0,0,4
TP001,6,OL02,CONU,1926,LIVE,1,0.002,0.012,0.007,0.007,4
TP001,6,OL02,CONU,1926,MORTALITY,0,0,0,0,0,4
TP001,6,OL02,THPL,1926,INGROWTH,0,0,0,0,0,4
TP001,6,OL02,THPL,1926,LIVE,2,0.007,0.018,0.006,0.022,4
TP001,6,OL02,THPL,1926,MORTALITY,0,0,0,0,0,4
TP001,6,OL02,PIMO,1926,INGROWTH,0,0,0,0,0,4
TP001,6,OL02,PIMO,1926,LIVE,2,0.019,0.09,0.034,0.057,4
TP001,6,OL02,PIMO,1926,MORTALITY,0,0,0,0,0,4
TP001,6,OL02,PRUNU,1926,INGROWTH,0,0,0,0,0,4
TP001,6,OL02,PRUNU,1926,LIVE,5,0.052,0.343,0.127,0.188,4
TP001,6,OL02,PRUNU,1926,MORTALITY,0,0,0,0,0,4
TP001,6,OL02,ACMA,1926,INGROWTH,0,0,0,0,0,4
TP001,6,OL02,ACMA,1926,LIVE,1,0.016,0.157,0.069,0.088,4
TP001,6,OL02,ACMA,1926,MORTALITY,0,0,0,0,0,4
TP001,6,OL02,ALL,1926,INGROWTH,0,0,0,0,0,4
TP001,6,OL02,ALL,1926,LIVE,248,10.109,122.339,54.772,59.369,4
TP001,6,OL02,ALL,1926,MORTALITY,0,0,0,0,0,4
TP001,6,OL02,TSHE,1931,INGROWTH,0,0,0,0,0,4
TP001,6,OL02,TSHE,1931,LIVE,17,0.361,3.363,1.412,1.49,4
TP001,6,OL02,TSHE,1931,MORTALITY,5,0.111,1.179,0.495,0.506,4
TP001,6,OL02,PSME,1931,INGROWTH,0,0,0,0,0,4
TP001,6,OL02,PSME,1931,LIVE,196,10.032,126.59,56.839,61.64,4
TP001,6,OL02,PSME,1931,MORTALITY,22,0.34,3.492,1.568,1.686,4
TP001,6,OL02,CONU,1931,INGROWTH,0,0,0,0,0,4
TP001,6,OL02,CONU,1931,LIVE,1,0.003,0.013,0.008,0.007,4
TP001,6,OL02,CONU,1931,MORTALITY,0,0,0,0,0,4
TP001,6,OL02,THPL,1931,INGROWTH,0,0,0,0,0,4
TP001,6,OL02,THPL,1931,LIVE,2,0.009,0.025,0.008,0.028,4
TP001,6,OL02,THPL,1931,MORTALITY,0,0,0,0,0,4
TP001,6,OL02,PIMO,1931,INGROWTH,0,0,0,0,0,4
TP001,6,OL02,PIMO,1931,LIVE,2,0.019,0.09,0.034,0.057,4
TP001,6,OL02,PIMO,1931,MORTALITY,0,0,0,0,0,4
TP001,6,OL02,PRUNU,1931,INGROWTH,0,0,0,0,0,4
TP001,6,OL02,PRUNU,1931,LIVE,4,0.04,0.264,0.098,0.145,4
TP001,6,OL02,PRUNU,1931,MORTALITY,2,0.013,0.081,0.03,0.044,4
TP001,6,OL02,ACMA,1931,INGROWTH,0,0,0,0,0,4
TP001,6,OL02,ACMA,1931,LIVE,1,0.019,0.187,0.082,0.104,4
TP001,6,OL02,ACMA,1931,MORTALITY,0,0,0,0,0,4
TP001,6,OL02,ALL,1931,INGROWTH,0,0,0,0,0,4
TP001,6,OL02,ALL,1931,LIVE,220,10.481,130.531,58.481,63.471,4
TP001,6,OL02,ALL,1931,MORTALITY,28,0.464,4.752,2.093,2.237,4
TP001,6,OL02,TSHE,1936,INGROWTH,2,0.007,0.037,0.016,0.019,4
TP001,6,OL02,TSHE,1936,LIVE,18,0.386,3.656,1.535,1.614,4
TP001,6,OL02,TSHE,1936,MORTALITY,1,0.003,0.018,0.008,0.009,4
TP001,6,OL02,PSME,1936,INGROWTH,0,0,0,0,0,4
TP001,6,OL02,PSME,1936,LIVE,186,10.695,138.718,62.284,67.628,4
TP001,6,OL02,PSME,1936,MORTALITY,10,0.223,2.268,1.018,1.094,4
TP001,6,OL02,CONU,1936,INGROWTH,1,0.003,0.013,0.008,0.007,4
TP001,6,OL02,CONU,1936,LIVE,2,0.005,0.028,0.016,0.015,4
TP001,6,OL02,CONU,1936,MORTALITY,0,0,0,0,0,4
TP001,6,OL02,THPL,1936,INGROWTH,2,0.005,0.011,0.004,0.015,4
TP001,6,OL02,THPL,1936,LIVE,3,0.016,0.042,0.013,0.048,4
TP001,6,OL02,THPL,1936,MORTALITY,0,0,0,0,0,4
TP001,6,OL02,PIMO,1936,INGROWTH,0,0,0,0,0,4
TP001,6,OL02,PIMO,1936,LIVE,1,0.011,0.062,0.024,0.037,4
TP001,6,OL02,PIMO,1936,MORTALITY,2,0.008,0.028,0.011,0.02,4
TP001,6,OL02,PRUNU,1936,INGROWTH,0,0,0,0,0,4
TP001,6,OL02,PRUNU,1936,LIVE,3,0.033,0.219,0.081,0.12,4
TP001,6,OL02,PRUNU,1936,MORTALITY,1,0.008,0.055,0.02,0.03,4
TP001,6,OL02,ACMA,1936,INGROWTH,0,0,0,0,0,4
TP001,6,OL02,ACMA,1936,LIVE,1,0.02,0.204,0.09,0.113,4
TP001,6,OL02,ACMA,1936,MORTALITY,0,0,0,0,0,4
TP001,6,OL02,ALL,1936,INGROWTH,4,0.015,0.062,0.027,0.041,4
TP001,6,OL02,ALL,1936,LIVE,211,11.167,142.929,64.044,69.576,4
TP001,6,OL02,ALL,1936,MORTALITY,13,0.242,2.369,1.057,1.153,4
TP001,6,OL02,TSHE,1941,INGROWTH,0,0,0,0,0,4
TP001,6,OL02,TSHE,1941,LIVE,12,0.281,2.769,1.163,1.213,4
TP001,6,OL02,TSHE,1941,MORTALITY,7,0.122,1.109,0.466,0.494,4
TP001,6,OL02,PSME,1941,INGROWTH,0,0,0,0,0,4
TP001,6,OL02,PSME,1941,LIVE,168,11.075,147.449,66.205,71.966,4
TP001,6,OL02,PSME,1941,MORTALITY,18,0.398,4.17,1.872,2.014,4
TP001,6,OL02,CONU,1941,INGROWTH,0,0,0,0,0,4
TP001,6,OL02,CONU,1941,LIVE,2,0.006,0.03,0.018,0.017,4
TP001,6,OL02,CONU,1941,MORTALITY,0,0,0,0,0,4
TP001,6,OL02,THPL,1941,INGROWTH,0,0,0,0,0,4
TP001,6,OL02,THPL,1941,LIVE,3,0.019,0.054,0.017,0.059,4
TP001,6,OL02,THPL,1941,MORTALITY,0,0,0,0,0,4
TP001,6,OL02,PIMO,1941,INGROWTH,0,0,0,0,0,4
TP001,6,OL02,PIMO,1941,LIVE,0,0,0,0,0,4
TP001,6,OL02,PIMO,1941,MORTALITY,1,0.011,0.062,0.024,0.037,4
TP001,6,OL02,PRUNU,1941,INGROWTH,0,0,0,0,0,4
TP001,6,OL02,PRUNU,1941,LIVE,2,0.018,0.124,0.046,0.068,4
TP001,6,OL02,PRUNU,1941,MORTALITY,2,0.015,0.099,0.037,0.054,4
TP001,6,OL02,ACMA,1941,INGROWTH,0,0,0,0,0,4
TP001,6,OL02,ACMA,1941,LIVE,1,0.022,0.224,0.099,0.124,4
TP001,6,OL02,ACMA,1941,MORTALITY,0,0,0,0,0,4
TP001,6,OL02,ALL,1941,INGROWTH,0,0,0,0,0,4
TP001,6,OL02,ALL,1941,LIVE,185,11.421,150.65,67.546,73.446,4
TP001,6,OL02,ALL,1941,MORTALITY,26,0.547,5.44,2.398,2.599,4
TP001,6,OL02,TSHE,1946,INGROWTH,0,0,0,0,0,4
TP001,6,OL02,TSHE,1946,LIVE,11,0.29,2.955,1.241,1.286,4
TP001,6,OL02,TSHE,1946,MORTALITY,2,0.01,0.07,0.029,0.033,4
TP001,6,OL02,PSME,1946,INGROWTH,0,0,0,0,0,4
TP001,6,OL02,PSME,1946,LIVE,157,11.62,158.493,71.164,77.44,4
TP001,6,OL02,PSME,1946,MORTALITY,12,0.329,3.85,1.729,1.87,4
TP001,6,OL02,CONU,1946,INGROWTH,0,0,0,0,0,4
TP001,6,OL02,CONU,1946,LIVE,2,0.007,0.038,0.022,0.021,4
TP001,6,OL02,CONU,1946,MORTALITY,0,0,0,0,0,4
TP001,6,OL02,THPL,1946,INGROWTH,0,0,0,0,0,4
TP001,6,OL02,THPL,1946,LIVE,3,0.025,0.074,0.023,0.077,4
TP001,6,OL02,THPL,1946,MORTALITY,0,0,0,0,0,4
TP001,6,OL02,PRUNU,1946,INGROWTH,0,0,0,0,0,4
TP001,6,OL02,PRUNU,1946,LIVE,2,0.018,0.124,0.046,0.068,4
TP001,6,OL02,PRUNU,1946,MORTALITY,0,0,0,0,0,4
TP001,6,OL02,ACMA,1946,INGROWTH,0,0,0,0,0,4
TP001,6,OL02,ACMA,1946,LIVE,1,0.024,0.251,0.111,0.138,4
TP001,6,OL02,ACMA,1946,MORTALITY,0,0,0,0,0,4
TP001,6,OL02,ALL,1946,INGROWTH,0,0,0,0,0,4
TP001,6,OL02,ALL,1946,LIVE,173,11.983,161.936,72.607,79.03,4
TP001,6,OL02,ALL,1946,MORTALITY,13,0.339,3.92,1.758,1.903,4
TP001,6,OL02,TSHE,1957,INGROWTH,2,0.009,0.061,0.026,0.029,4
TP001,6,OL02,TSHE,1957,LIVE,12,0.328,3.496,1.468,1.506,4
TP001,6,OL02,TSHE,1957,MORTALITY,1,0.023,0.229,0.096,0.1,4
TP001,6,OL02,PSME,1957,INGROWTH,0,0,0,0,0,4
TP001,6,OL02,PSME,1957,LIVE,137,12.265,174.618,78.403,85.481,4
TP001,6,OL02,PSME,1957,MORTALITY,20,0.849,10.312,4.63,5.013,4
TP001,6,OL02,CONU,1957,INGROWTH,0,0,0,0,0,4
TP001,6,OL02,CONU,1957,LIVE,2,0.009,0.051,0.029,0.028,4
TP001,6,OL02,CONU,1957,MORTALITY,0,0,0,0,0,4
TP001,6,OL02,THPL,1957,INGROWTH,4,0.024,0.063,0.02,0.071,4
TP001,6,OL02,THPL,1957,LIVE,6,0.058,0.18,0.056,0.184,4
TP001,6,OL02,THPL,1957,MORTALITY,0,0,0,0,0,4
TP001,6,OL02,PRUNU,1957,INGROWTH,0,0,0,0,0,4
TP001,6,OL02,PRUNU,1957,LIVE,0,0,0,0,0,4
TP001,6,OL02,PRUNU,1957,MORTALITY,2,0.018,0.124,0.046,0.068,4
TP001,6,OL02,ACMA,1957,INGROWTH,0,0,0,0,0,4
TP001,6,OL02,ACMA,1957,LIVE,1,0.027,0.289,0.127,0.158,4
TP001,6,OL02,ACMA,1957,MORTALITY,0,0,0,0,0,4
TP001,6,OL02,ALL,1957,INGROWTH,5,0.033,0.124,0.045,0.1,4
TP001,6,OL02,ALL,1957,LIVE,156,12.686,178.633,80.085,87.357,4
TP001,6,OL02,ALL,1957,MORTALITY,22,0.889,10.665,4.772,5.18,4
TP001,6,OL02,THPL,1963,INGROWTH,0,0,0,0,0,4
TP001,6,OL02,THPL,1963,LIVE,6,0.082,0.287,0.09,0.273,4
TP001,6,OL02,THPL,1963,MORTALITY,0,0,0,0,0,4
TP001,6,OL02,TSHE,1963,INGROWTH,0,0,0,0,0,4
TP001,6,OL02,TSHE,1963,LIVE,7,0.246,2.873,1.207,1.216,4
TP001,6,OL02,TSHE,1963,MORTALITY,5,0.111,1.034,0.434,0.459,4
TP001,6,OL02,PSME,1963,INGROWTH,0,0,0,0,0,4
TP001,6,OL02,PSME,1963,LIVE,118,12.152,177.777,79.822,87.13,4
TP001,6,OL02,PSME,1963,MORTALITY,19,0.924,11.497,5.162,5.595,4
TP001,6,OL02,CONU,1963,INGROWTH,0,0,0,0,0,4
TP001,6,OL02,CONU,1963,LIVE,2,0.011,0.07,0.041,0.038,4
TP001,6,OL02,CONU,1963,MORTALITY,0,0,0,0,0,4
TP001,6,OL02,ACMA,1963,INGROWTH,0,0,0,0,0,4
TP001,6,OL02,ACMA,1963,LIVE,1,0.028,0.311,0.137,0.169,4
TP001,6,OL02,ACMA,1963,MORTALITY,0,0,0,0,0,4
TP001,6,OL02,ALL,1963,INGROWTH,0,0,0,0,0,4
TP001,6,OL02,ALL,1963,LIVE,132,12.52,181.318,81.296,88.826,4
TP001,6,OL02,ALL,1963,MORTALITY,24,1.035,12.532,5.597,6.053,4
TP001,6,OL02,THPL,1971,INGROWTH,0,0,0,0,0,4
TP001,6,OL02,THPL,1971,LIVE,6,0.111,0.432,0.135,0.382,4
TP001,6,OL02,THPL,1971,MORTALITY,0,0,0,0,0,4
TP001,6,OL02,TSHE,1971,INGROWTH,0,0,0,0,0,4
TP001,6,OL02,TSHE,1971,LIVE,6,0.231,2.762,1.16,1.164,4
TP001,6,OL02,TSHE,1971,MORTALITY,1,0.046,0.57,0.239,0.239,4
TP001,6,OL02,PSME,1971,INGROWTH,0,0,0,0,0,4
TP001,6,OL02,PSME,1971,LIVE,101,11.837,177.676,79.777,87.177,4
TP001,6,OL02,PSME,1971,MORTALITY,18,1.087,14.479,6.501,7.068,4
TP001,6,OL02,CONU,1971,INGROWTH,0,0,0,0,0,4
TP001,6,OL02,CONU,1971,LIVE,2,0.012,0.079,0.046,0.043,4
TP001,6,OL02,CONU,1971,MORTALITY,0,0,0,0,0,4
TP001,6,OL02,ACMA,1971,INGROWTH,0,0,0,0,0,4
TP001,6,OL02,ACMA,1971,LIVE,1,0.031,0.344,0.151,0.186,4
TP001,6,OL02,ACMA,1971,MORTALITY,0,0,0,0,0,4
TP001,6,OL02,ALL,1971,INGROWTH,0,0,0,0,0,4
TP001,6,OL02,ALL,1971,LIVE,114,12.223,181.293,81.269,88.952,4
TP001,6,OL02,ALL,1971,MORTALITY,19,1.133,15.049,6.74,7.308,4
TP001,6,OL02,THPL,1993,INGROWTH,28,1.015,5.682,1.778,3.939,4
TP001,6,OL02,THPL,1993,LIVE,33,1.353,7.785,2.437,5.308,4
TP001,6,OL02,THPL,1993,MORTALITY,0,0,0,0,0,4
TP001,6,OL02,TSHE,1993,INGROWTH,39,0.515,4.394,1.845,1.978,4
TP001,6,OL02,TSHE,1993,LIVE,44,0.699,6.4,2.688,2.84,4
TP001,6,OL02,TSHE,1993,MORTALITY,2,0.133,1.863,0.782,0.764,4
TP001,6,OL02,PSME,1993,INGROWTH,0,0,0,0,0,4
TP001,6,OL02,PSME,1993,LIVE,64,11.198,182.897,82.121,90.071,4
TP001,6,OL02,PSME,1993,MORTALITY,38,3.439,49.114,22.052,24.046,4
TP001,6,OL02,CONU,1993,INGROWTH,0,0,0,0,0,4
TP001,6,OL02,CONU,1993,LIVE,1,0.007,0.047,0.027,0.026,4
TP001,6,OL02,CONU,1993,MORTALITY,1,0.005,0.032,0.018,0.017,4
TP001,6,OL02,ACMA,1993,INGROWTH,1,0.003,0.018,0.008,0.012,4
TP001,6,OL02,ACMA,1993,LIVE,2,0.061,0.776,0.341,0.413,4
TP001,6,OL02,ACMA,1993,MORTALITY,0,0,0,0,0,4
TP001,6,OL02,ALL,1993,INGROWTH,67,1.533,10.094,3.632,5.928,4
TP001,6,OL02,ALL,1993,LIVE,141,13.319,197.905,87.614,98.657,4
TP001,6,OL02,ALL,1993,MORTALITY,39,3.578,51.008,22.853,24.827,4
TP001,6,OL02,THPL,1999,INGROWTH,3,0.09,0.508,0.159,0.35,4
TP001,6,OL02,THPL,1999,LIVE,34,1.746,11.002,3.444,7.077,4
TP001,6,OL02,THPL,1999,MORTALITY,1,0.006,0.018,0.006,0.019,4
TP001,6,OL02,TSHE,1999,INGROWTH,4,0.035,0.308,0.129,0.137,4
TP001,6,OL02,TSHE,1999,LIVE,41,0.776,7.421,3.117,3.265,4
TP001,6,OL02,TSHE,1999,MORTALITY,7,0.089,0.799,0.336,0.356,4
TP001,6,OL02,PSME,1999,INGROWTH,0,0,0,0,0,4
TP001,6,OL02,PSME,1999,LIVE,53,10.606,177,79.473,87.248,4
TP001,6,OL02,PSME,1999,MORTALITY,11,1.087,16.044,7.204,7.866,4
TP001,6,OL02,CONU,1999,INGROWTH,0,0,0,0,0,4
TP001,6,OL02,CONU,1999,LIVE,0,0,0,0,0,4
TP001,6,OL02,CONU,1999,MORTALITY,1,0.007,0.047,0.027,0.026,4
TP001,6,OL02,ACMA,1999,INGROWTH,0,0,0,0,0,4
TP001,6,OL02,ACMA,1999,LIVE,2,0.076,0.999,0.44,0.529,4
TP001,6,OL02,ACMA,1999,MORTALITY,0,0,0,0,0,4
TP001,6,OL02,ALL,1999,INGROWTH,7,0.125,0.815,0.288,0.487,4
TP001,6,OL02,ALL,1999,LIVE,129,13.204,196.423,86.473,98.119,4
TP001,6,OL02,ALL,1999,MORTALITY,18,1.189,16.908,7.572,8.266,4
TP001,6,OL02,TSHE,2003,INGROWTH,2,0.004,0.022,0.009,0.011,4
TP001,6,OL02,TSHE,2003,LIVE,41,0.906,9.14,3.839,3.98,4
TP001,6,OL02,TSHE,2003,MORTALITY,3,0.03,0.23,0.097,0.106,4
TP001,6,OL02,PSME,2003,INGROWTH,0,0,0,0,0,4
TP001,6,OL02,PSME,2003,LIVE,49,10.78,182.565,81.971,90.047,4
TP001,6,OL02,PSME,2003,MORTALITY,4,0.314,4.389,1.971,2.147,4
TP001,6,OL02,RHPU,2003,INGROWTH,1,0.002,0.007,0.002,0.004,4
TP001,6,OL02,RHPU,2003,LIVE,1,0.002,0.007,0.002,0.004,4
TP001,6,OL02,RHPU,2003,MORTALITY,0,0,0,0,0,4
TP001,6,OL02,THPL,2003,INGROWTH,0,0,0,0,0,4
TP001,6,OL02,THPL,2003,LIVE,34,2.121,14.354,4.493,8.833,4
TP001,6,OL02,THPL,2003,MORTALITY,0,0,0,0,0,4
TP001,6,OL02,ACGL,2003,INGROWTH,1,0.003,0.02,0.009,0.013,4
TP001,6,OL02,ACGL,2003,LIVE,1,0.003,0.02,0.009,0.013,4
TP001,6,OL02,ACGL,2003,MORTALITY,0,0,0,0,0,4
TP001,6,OL02,ACMA,2003,INGROWTH,0,0,0,0,0,4
TP001,6,OL02,ACMA,2003,LIVE,2,0.095,1.316,0.579,0.694,4
TP001,6,OL02,ACMA,2003,MORTALITY,0,0,0,0,0,4
TP001,6,OL02,ALL,2003,INGROWTH,3,0.009,0.049,0.021,0.028,4
TP001,6,OL02,ALL,2003,LIVE,127,13.907,207.402,90.894,103.571,4
TP001,6,OL02,ALL,2003,MORTALITY,7,0.344,4.62,2.068,2.252,4
TP001,6,OL02,TSHE,2009,INGROWTH,2,0.012,0.087,0.037,0.041,4
TP001,6,OL02,TSHE,2009,LIVE,38,1.03,11.1,4.662,4.772,4
TP001,6,OL02,TSHE,2009,MORTALITY,6,0.084,0.788,0.331,0.347,4
TP001,6,OL02,PSME,2009,INGROWTH,0,0,0,0,0,4
TP001,6,OL02,PSME,2009,LIVE,43,9.815,167.677,75.287,82.734,4
TP001,6,OL02,PSME,2009,MORTALITY,7,1.48,25.472,11.437,12.574,4
TP001,6,OL02,RHPU,2009,INGROWTH,2,0.004,0.018,0.007,0.01,4
TP001,6,OL02,RHPU,2009,LIVE,2,0.004,0.018,0.007,0.01,4
TP001,6,OL02,RHPU,2009,MORTALITY,1,0.002,0.007,0.002,0.004,4
TP001,6,OL02,THPL,2009,INGROWTH,0,0,0,0,0,4
TP001,6,OL02,THPL,2009,LIVE,35,2.636,19.411,6.076,11.334,4
TP001,6,OL02,THPL,2009,MORTALITY,0,0,0,0,0,4
TP001,6,OL02,ACGL,2009,INGROWTH,0,0,0,0,0,4
TP001,6,OL02,ACGL,2009,LIVE,0,0,0,0,0,4
TP001,6,OL02,ACGL,2009,MORTALITY,1,0.003,0.02,0.009,0.013,4
TP001,6,OL02,ACMA,2009,INGROWTH,0,0,0,0,0,4
TP001,6,OL02,ACMA,2009,LIVE,2,0.121,1.741,0.766,0.917,4
TP001,6,OL02,ACMA,2009,MORTALITY,0,0,0,0,0,4
TP001,6,OL02,ALL,2009,INGROWTH,4,0.016,0.106,0.043,0.051,4
TP001,6,OL02,ALL,2009,LIVE,117,13.606,199.947,86.797,99.766,4
TP001,6,OL02,ALL,2009,MORTALITY,14,1.569,26.288,11.78,12.938,4
TP001,6,OL03,THPL,1926,INGROWTH,0,0,0,0,0,1
TP001,6,OL03,THPL,1926,LIVE,88,0.547,1.418,0.444,1.634,1
TP001,6,OL03,THPL,1926,MORTALITY,0,0,0,0,0,1
TP001,6,OL03,TSHE,1926,INGROWTH,0,0,0,0,0,1
TP001,6,OL03,TSHE,1926,LIVE,18,0.282,2.511,1.055,1.122,1
TP001,6,OL03,TSHE,1926,MORTALITY,0,0,0,0,0,1
TP001,6,OL03,PSME,1926,INGROWTH,0,0,0,0,0,1
TP001,6,OL03,PSME,1926,LIVE,1552,35.959,383.243,172.076,185.209,1
TP001,6,OL03,PSME,1926,MORTALITY,0,0,0,0,0,1
TP001,6,OL03,PRUNU,1926,INGROWTH,0,0,0,0,0,1
TP001,6,OL03,PRUNU,1926,LIVE,157,1.328,8.299,3.071,4.553,1
TP001,6,OL03,PRUNU,1926,MORTALITY,0,0,0,0,0,1
TP001,6,OL03,ACMA,1926,INGROWTH,0,0,0,0,0,1
TP001,6,OL03,ACMA,1926,LIVE,49,0.791,7.342,3.231,4.167,1
TP001,6,OL03,ACMA,1926,MORTALITY,0,0,0,0,0,1
TP001,6,OL03,ALL,1926,INGROWTH,0,0,0,0,0,1
TP001,6,OL03,ALL,1926,LIVE,1862,38.907,402.813,179.876,196.684,1
TP001,6,OL03,ALL,1926,MORTALITY,0,0,0,0,0,1
TP001,6,OL03,THPL,1931,INGROWTH,11,0.054,0.126,0.04,0.157,1
TP001,6,OL03,THPL,1931,LIVE,95,0.707,1.974,0.618,2.161,1
TP001,6,OL03,THPL,1931,MORTALITY,4,0.016,0.035,0.011,0.045,1
TP001,6,OL03,TSHE,1931,INGROWTH,0,0,0,0,0,1
TP001,6,OL03,TSHE,1931,LIVE,18,0.335,3.131,1.315,1.384,1
TP001,6,OL03,TSHE,1931,MORTALITY,0,0,0,0,0,1
TP001,6,OL03,PSME,1931,INGROWTH,4,0.059,0.555,0.249,0.267,1
TP001,6,OL03,PSME,1931,LIVE,1420,38.793,428.344,192.327,207.33,1
TP001,6,OL03,PSME,1931,MORTALITY,136,1.454,13.176,5.916,6.323,1
TP001,6,OL03,PRUNU,1931,INGROWTH,0,0,0,0,0,1
TP001,6,OL03,PRUNU,1931,LIVE,133,1.333,8.695,3.217,4.763,1
TP001,6,OL03,PRUNU,1931,MORTALITY,25,0.13,0.713,0.264,0.393,1
TP001,6,OL03,ACMA,1931,INGROWTH,0,0,0,0,0,1
TP001,6,OL03,ACMA,1931,LIVE,49,0.932,8.982,3.952,5.05,1
TP001,6,OL03,ACMA,1931,MORTALITY,0,0,0,0,0,1
TP001,6,OL03,ALL,1931,INGROWTH,14,0.114,0.682,0.289,0.424,1
TP001,6,OL03,ALL,1931,LIVE,1712,42.099,451.126,201.429,220.689,1
TP001,6,OL03,ALL,1931,MORTALITY,164,1.6,13.923,6.191,6.76,1
TP001,6,OL03,THPL,1936,INGROWTH,21,0.091,0.197,0.062,0.256,1
TP001,6,OL03,THPL,1936,LIVE,112,0.953,2.86,0.895,2.983,1
TP001,6,OL03,THPL,1936,MORTALITY,4,0.016,0.035,0.011,0.045,1
TP001,6,OL03,TSHE,1936,INGROWTH,0,0,0,0,0,1
TP001,6,OL03,TSHE,1936,LIVE,18,0.4,3.927,1.649,1.72,1
TP001,6,OL03,TSHE,1936,MORTALITY,0,0,0,0,0,1
TP001,6,OL03,PSME,1936,INGROWTH,0,0,0,0,0,1
TP001,6,OL03,PSME,1936,LIVE,1200,39.376,451.003,202.501,218.646,1
TP001,6,OL03,PSME,1936,MORTALITY,220,3.584,36.366,16.328,17.54,1
TP001,6,OL03,PRUNU,1936,INGROWTH,0,0,0,0,0,1
TP001,6,OL03,PRUNU,1936,LIVE,81,1.009,6.927,2.563,3.788,1
TP001,6,OL03,PRUNU,1936,MORTALITY,53,0.394,2.387,0.883,1.311,1
TP001,6,OL03,ACMA,1936,INGROWTH,0,0,0,0,0,1
TP001,6,OL03,ACMA,1936,LIVE,49,1.113,11.281,4.964,6.269,1
TP001,6,OL03,ACMA,1936,MORTALITY,0,0,0,0,0,1
TP001,6,OL03,ALL,1936,INGROWTH,21,0.091,0.197,0.062,0.256,1
TP001,6,OL03,ALL,1936,LIVE,1458,42.85,475.998,212.572,233.406,1
TP001,6,OL03,ALL,1936,MORTALITY,276,3.994,38.787,17.222,18.896,1
TP001,6,OL03,THPL,1941,INGROWTH,0,0,0,0,0,1
TP001,6,OL03,THPL,1941,LIVE,112,1.2,3.92,1.227,3.868,1
TP001,6,OL03,THPL,1941,MORTALITY,0,0,0,0,0,1
TP001,6,OL03,TSHE,1941,INGROWTH,0,0,0,0,0,1
TP001,6,OL03,TSHE,1941,LIVE,14,0.479,5.226,2.195,2.244,1
TP001,6,OL03,TSHE,1941,MORTALITY,4,0.031,0.208,0.087,0.099,1
TP001,6,OL03,PSME,1941,INGROWTH,0,0,0,0,0,1
TP001,6,OL03,PSME,1941,LIVE,1074,41.32,488.836,219.488,237.327,1
TP001,6,OL03,PSME,1941,MORTALITY,126,2.144,21.858,9.814,10.545,1
TP001,6,OL03,PRUNU,1941,INGROWTH,0,0,0,0,0,1
TP001,6,OL03,PRUNU,1941,LIVE,63,0.905,6.435,2.381,3.515,1
TP001,6,OL03,PRUNU,1941,MORTALITY,18,0.136,0.808,0.299,0.444,1
TP001,6,OL03,ACMA,1941,INGROWTH,0,0,0,0,0,1
TP001,6,OL03,ACMA,1941,LIVE,46,1.288,13.783,6.065,7.571,1
TP001,6,OL03,ACMA,1941,MORTALITY,4,0.017,0.108,0.047,0.068,1
TP001,6,OL03,ALL,1941,INGROWTH,0,0,0,0,0,1
TP001,6,OL03,ALL,1941,LIVE,1308,45.191,518.2,231.355,254.525,1
TP001,6,OL03,ALL,1941,MORTALITY,150,2.329,22.981,10.248,11.156,1
TP001,6,OL03,THPL,1946,INGROWTH,0,0,0,0,0,1
TP001,6,OL03,THPL,1946,LIVE,112,1.522,5.444,1.704,5.061,1
TP001,6,OL03,THPL,1946,MORTALITY,0,0,0,0,0,1
TP001,6,OL03,TSHE,1946,INGROWTH,0,0,0,0,0,1
TP001,6,OL03,TSHE,1946,LIVE,14,0.568,6.538,2.746,2.778,1
TP001,6,OL03,TSHE,1946,MORTALITY,0,0,0,0,0,1
TP001,6,OL03,PSME,1946,INGROWTH,0,0,0,0,0,1
TP001,6,OL03,PSME,1946,LIVE,897,40.295,491.748,220.795,239.063,1
TP001,6,OL03,PSME,1946,MORTALITY,178,4.787,53.755,24.136,26.045,1
TP001,6,OL03,PRUNU,1946,INGROWTH,0,0,0,0,0,1
TP001,6,OL03,PRUNU,1946,LIVE,28,0.568,4.361,1.614,2.377,1
TP001,6,OL03,PRUNU,1946,MORTALITY,35,0.374,2.447,0.906,1.341,1
TP001,6,OL03,ACMA,1946,INGROWTH,0,0,0,0,0,1
TP001,6,OL03,ACMA,1946,LIVE,42,1.45,16.282,7.164,8.858,1
TP001,6,OL03,ACMA,1946,MORTALITY,4,0.042,0.336,0.148,0.199,1
TP001,6,OL03,ALL,1946,INGROWTH,0,0,0,0,0,1
TP001,6,OL03,ALL,1946,LIVE,1092,44.403,524.373,234.023,258.137,1
TP001,6,OL03,ALL,1946,MORTALITY,217,5.203,56.539,25.189,27.584,1
TP001,6,OL03,THPL,1957,INGROWTH,0,0,0,0,0,1
TP001,6,OL03,THPL,1957,LIVE,109,2.369,10.039,3.142,8.358,1
TP001,6,OL03,THPL,1957,MORTALITY,4,0.032,0.093,0.029,0.101,1
TP001,6,OL03,TSHE,1957,INGROWTH,0,0,0,0,0,1
TP001,6,OL03,TSHE,1957,LIVE,14,0.823,10.524,4.42,4.381,1
TP001,6,OL03,TSHE,1957,MORTALITY,0,0,0,0,0,1
TP001,6,OL03,PSME,1957,INGROWTH,0,0,0,0,0,1
TP001,6,OL03,PSME,1957,LIVE,736,41.558,532.313,239.009,259.339,1
TP001,6,OL03,PSME,1957,MORTALITY,161,5.762,69.185,31.064,33.618,1
TP001,6,OL03,PRUNU,1957,INGROWTH,0,0,0,0,0,1
TP001,6,OL03,PRUNU,1957,LIVE,14,0.352,2.861,1.059,1.556,1
TP001,6,OL03,PRUNU,1957,MORTALITY,14,0.238,1.738,0.643,0.949,1
TP001,6,OL03,ACMA,1957,INGROWTH,0,0,0,0,0,1
TP001,6,OL03,ACMA,1957,LIVE,39,1.799,21.42,9.425,11.535,1
TP001,6,OL03,ACMA,1957,MORTALITY,4,0.02,0.133,0.059,0.084,1
TP001,6,OL03,ALL,1957,INGROWTH,0,0,0,0,0,1
TP001,6,OL03,ALL,1957,LIVE,911,46.9,577.158,257.055,285.169,1
TP001,6,OL03,ALL,1957,MORTALITY,182,6.052,71.149,31.795,34.751,1
TP001,6,OL03,THPL,1993,INGROWTH,321,13.418,75.006,23.477,52.104,1
TP001,6,OL03,THPL,1993,LIVE,377,16.204,90.909,28.455,63.028,1
TP001,6,OL03,THPL,1993,MORTALITY,53,1.301,5.915,1.851,4.7,1
TP001,6,OL03,TSHE,1993,INGROWTH,28,1.924,27.064,11.367,11.022,1
TP001,6,OL03,TSHE,1993,LIVE,35,3.524,55.244,23.202,22.061,1
TP001,6,OL03,TSHE,1993,MORTALITY,7,0.129,1.063,0.446,0.483,1
TP001,6,OL03,PSME,1993,INGROWTH,49,7.461,117.08,52.569,57.552,1
TP001,6,OL03,PSME,1993,LIVE,381,47.952,726.572,326.231,356.614,1
TP001,6,OL03,PSME,1993,MORTALITY,405,18.931,233.822,104.986,113.734,1
TP001,6,OL03,PRUNU,1993,INGROWTH,0,0,0,0,0,1
TP001,6,OL03,PRUNU,1993,LIVE,0,0,0,0,0,1
TP001,6,OL03,PRUNU,1993,MORTALITY,14,0.352,2.861,1.059,1.556,1
TP001,6,OL03,ACMA,1993,INGROWTH,14,1.41,19.32,8.501,10.23,1
TP001,6,OL03,ACMA,1993,LIVE,42,4.02,54.819,24.121,29.013,1
TP001,6,OL03,ACMA,1993,MORTALITY,11,0.571,6.912,3.041,3.708,1
TP001,6,OL03,ALL,1993,INGROWTH,412,24.214,238.47,95.913,130.907,1
TP001,6,OL03,ALL,1993,LIVE,834,71.699,927.544,402.008,470.716,1
TP001,6,OL03,ALL,1993,MORTALITY,489,21.284,250.573,111.384,124.181,1
TP001,6,OL03,THPL,2004,INGROWTH,328,4.696,21.869,6.845,16.827,1
TP001,6,OL03,THPL,2004,LIVE,684,23.216,131.662,41.21,90.379,1
TP001,6,OL03,THPL,2004,MORTALITY,21,1.315,8.09,2.532,5.3,1
TP001,6,OL03,TSHE,2004,INGROWTH,42,0.437,3.355,1.409,1.542,1
TP001,6,OL03,TSHE,2004,LIVE,63,3.282,50.673,21.283,20.233,1
TP001,6,OL03,TSHE,2004,MORTALITY,14,1.316,20.57,8.64,8.215,1
TP001,6,OL03,PSME,2004,INGROWTH,28,3.558,52.19,23.433,25.573,1
TP001,6,OL03,PSME,2004,LIVE,290,42.261,658.912,295.851,323.806,1
TP001,6,OL03,PSME,2004,MORTALITY,119,13.607,204.385,91.769,100.287,1
TP001,6,OL03,ACMA,2004,INGROWTH,18,0.202,1.663,0.732,0.974,1
TP001,6,OL03,ACMA,2004,LIVE,56,4.786,66.038,29.057,34.95,1
TP001,6,OL03,ACMA,2004,MORTALITY,4,0.063,0.559,0.246,0.321,1
TP001,6,OL03,ALL,2004,INGROWTH,415,8.893,79.076,32.419,44.916,1
TP001,6,OL03,ALL,2004,LIVE,1092,73.546,907.285,387.401,469.368,1
TP001,6,OL03,ALL,2004,MORTALITY,157,16.3,233.605,103.187,114.125,1
TP001,6,OL03,THPL,2009,INGROWTH,88,1.899,10.891,3.409,7.367,1
TP001,6,OL03,THPL,2009,LIVE,750,28.09,167.369,52.387,111.311,1
TP001,6,OL03,THPL,2009,MORTALITY,21,0.219,0.75,0.235,0.715,1
TP001,6,OL03,TSHE,2009,INGROWTH,0,0,0,0,0,1
TP001,6,OL03,TSHE,2009,LIVE,63,3.575,54.645,22.951,21.878,1
TP001,6,OL03,TSHE,2009,MORTALITY,0,0,0,0,0,1
TP001,6,OL03,PSME,2009,INGROWTH,14,2.819,45.437,20.401,22.357,1
TP001,6,OL03,PSME,2009,LIVE,286,45.974,730.884,328.167,359.482,1
TP001,6,OL03,PSME,2009,MORTALITY,18,1.607,22.422,10.067,10.964,1
TP001,6,OL03,ACMA,2009,INGROWTH,7,0.725,10.672,4.696,5.614,1
TP001,6,OL03,ACMA,2009,LIVE,60,4.948,67.806,29.835,35.879,1
TP001,6,OL03,ACMA,2009,MORTALITY,4,0.831,12.879,5.667,6.76,1
TP001,6,OL03,ALL,2009,INGROWTH,109,5.442,67.001,28.506,35.337,1
TP001,6,OL03,ALL,2009,LIVE,1158,82.586,1020.704,433.339,528.55,1
TP001,6,OL03,ALL,2009,MORTALITY,42,2.657,36.05,15.969,18.439,1
TP001,6,OL04,THPL,1926,INGROWTH,0,0,0,0,0,1
TP001,6,OL04,THPL,1926,LIVE,18,0.096,0.23,0.072,0.28,1
TP001,6,OL04,THPL,1926,MORTALITY,0,0,0,0,0,1
TP001,6,OL04,PIMO,1926,INGROWTH,0,0,0,0,0,1
TP001,6,OL04,PIMO,1926,LIVE,4,0.019,0.063,0.024,0.049,1
TP001,6,OL04,PIMO,1926,MORTALITY,0,0,0,0,0,1
TP001,6,OL04,PSME,1926,INGROWTH,0,0,0,0,0,1
TP001,6,OL04,PSME,1926,LIVE,2337,45.451,463.662,208.184,223.639,1
TP001,6,OL04,PSME,1926,MORTALITY,0,0,0,0,0,1
TP001,6,OL04,TSHE,1926,INGROWTH,0,0,0,0,0,1
TP001,6,OL04,TSHE,1926,LIVE,70,0.886,7.393,3.105,3.34,1
TP001,6,OL04,TSHE,1926,MORTALITY,0,0,0,0,0,1
TP001,6,OL04,PRUNU,1926,INGROWTH,0,0,0,0,0,1
TP001,6,OL04,PRUNU,1926,LIVE,42,0.555,3.935,1.456,2.15,1
TP001,6,OL04,PRUNU,1926,MORTALITY,0,0,0,0,0,1
TP001,6,OL04,ALL,1926,INGROWTH,0,0,0,0,0,1
TP001,6,OL04,ALL,1926,LIVE,2469,47.008,475.283,212.841,229.458,1
TP001,6,OL04,ALL,1926,MORTALITY,0,0,0,0,0,1
TP001,6,OL04,THPL,1931,INGROWTH,0,0,0,0,0,1
TP001,6,OL04,THPL,1931,LIVE,18,0.111,0.278,0.087,0.327,1
TP001,6,OL04,THPL,1931,MORTALITY,0,0,0,0,0,1
TP001,6,OL04,PIMO,1931,INGROWTH,0,0,0,0,0,1
TP001,6,OL04,PIMO,1931,LIVE,4,0.019,0.063,0.024,0.049,1
TP001,6,OL04,PIMO,1931,MORTALITY,0,0,0,0,0,1
TP001,6,OL04,PSME,1931,INGROWTH,4,0.124,1.365,0.613,0.66,1
TP001,6,OL04,PSME,1931,LIVE,1842,45.918,492.405,221.09,238.021,1
TP001,6,OL04,PSME,1931,MORTALITY,499,5.028,44.398,19.934,21.279,1
TP001,6,OL04,TSHE,1931,INGROWTH,4,0.082,0.725,0.304,0.325,1
TP001,6,OL04,TSHE,1931,LIVE,70,1.106,9.865,4.143,4.399,1
TP001,6,OL04,TSHE,1931,MORTALITY,4,0.029,0.184,0.077,0.088,1
TP001,6,OL04,PRUNU,1931,INGROWTH,0,0,0,0,0,1
TP001,6,OL04,PRUNU,1931,LIVE,39,0.636,4.778,1.768,2.605,1
TP001,6,OL04,PRUNU,1931,MORTALITY,4,0.015,0.076,0.028,0.042,1
TP001,6,OL04,ALL,1931,INGROWTH,7,0.206,2.09,0.917,0.985,1
TP001,6,OL04,ALL,1931,LIVE,1971,47.79,507.388,227.112,245.401,1
TP001,6,OL04,ALL,1931,MORTALITY,506,5.072,44.657,20.04,21.409,1
TP001,6,OL04,THPL,1936,INGROWTH,18,0.073,0.156,0.049,0.204,1
TP001,6,OL04,THPL,1936,LIVE,35,0.202,0.497,0.155,0.592,1
TP001,6,OL04,THPL,1936,MORTALITY,0,0,0,0,0,1
TP001,6,OL04,PIMO,1936,INGROWTH,0,0,0,0,0,1
TP001,6,OL04,PIMO,1936,LIVE,4,0.019,0.063,0.024,0.049,1
TP001,6,OL04,PIMO,1936,MORTALITY,0,0,0,0,0,1
TP001,6,OL04,PSME,1936,INGROWTH,0,0,0,0,0,1
TP001,6,OL04,PSME,1936,LIVE,1552,47.204,528.268,237.193,255.84,1
TP001,6,OL04,PSME,1936,MORTALITY,290,3.6,32.982,14.809,15.832,1
TP001,6,OL04,TSHE,1936,INGROWTH,18,0.082,0.45,0.189,0.221,1
TP001,6,OL04,TSHE,1936,LIVE,81,1.207,11.053,4.642,4.895,1
TP001,6,OL04,TSHE,1936,MORTALITY,7,0.138,1.167,0.49,0.528,1
TP001,6,OL04,PRUNU,1936,INGROWTH,0,0,0,0,0,1
TP001,6,OL04,PRUNU,1936,LIVE,32,0.624,4.918,1.82,2.677,1
TP001,6,OL04,PRUNU,1936,MORTALITY,7,0.064,0.392,0.145,0.215,1
TP001,6,OL04,ALL,1936,INGROWTH,35,0.155,0.605,0.238,0.425,1
TP001,6,OL04,ALL,1936,LIVE,1702,49.257,544.799,243.834,264.054,1
TP001,6,OL04,ALL,1936,MORTALITY,304,3.802,34.542,15.444,16.576,1
TP001,6,OL04,THPL,1941,INGROWTH,0,0,0,0,0,1
TP001,6,OL04,THPL,1941,LIVE,35,0.266,0.723,0.226,0.809,1
TP001,6,OL04,THPL,1941,MORTALITY,0,0,0,0,0,1
TP001,6,OL04,PIMO,1941,INGROWTH,0,0,0,0,0,1
TP001,6,OL04,PIMO,1941,LIVE,4,0.019,0.063,0.024,0.049,1
TP001,6,OL04,PIMO,1941,MORTALITY,0,0,0,0,0,1
TP001,6,OL04,PSME,1941,INGROWTH,0,0,0,0,0,1
TP001,6,OL04,PSME,1941,LIVE,1315,48.148,560.178,251.52,271.76,1
TP001,6,OL04,PSME,1941,MORTALITY,238,3.644,35.065,15.744,16.869,1
TP001,6,OL04,TSHE,1941,INGROWTH,0,0,0,0,0,1
TP001,6,OL04,TSHE,1941,LIVE,74,1.367,13.288,5.581,5.818,1
TP001,6,OL04,TSHE,1941,MORTALITY,7,0.109,0.895,0.376,0.407,1
TP001,6,OL04,PRUNU,1941,INGROWTH,0,0,0,0,0,1
TP001,6,OL04,PRUNU,1941,LIVE,32,0.666,5.389,1.994,2.931,1
TP001,6,OL04,PRUNU,1941,MORTALITY,0,0,0,0,0,1
TP001,6,OL04,ALL,1941,INGROWTH,0,0,0,0,0,1
TP001,6,OL04,ALL,1941,LIVE,1458,50.466,579.64,259.345,281.367,1
TP001,6,OL04,ALL,1941,MORTALITY,245,3.752,35.96,16.12,17.276,1
TP001,6,OL04,THPL,1946,INGROWTH,0,0,0,0,0,1
TP001,6,OL04,THPL,1946,LIVE,35,0.369,1.134,0.355,1.169,1
TP001,6,OL04,THPL,1946,MORTALITY,0,0,0,0,0,1
TP001,6,OL04,PIMO,1946,INGROWTH,0,0,0,0,0,1
TP001,6,OL04,PIMO,1946,LIVE,0,0,0,0,0,1
TP001,6,OL04,PIMO,1946,MORTALITY,4,0.019,0.063,0.024,0.049,1
TP001,6,OL04,PSME,1946,INGROWTH,0,0,0,0,0,1
TP001,6,OL04,PSME,1946,LIVE,1106,48.83,590.127,264.967,286.767,1
TP001,6,OL04,PSME,1946,MORTALITY,210,4.187,43.253,19.421,20.877,1
TP001,6,OL04,TSHE,1946,INGROWTH,0,0,0,0,0,1
TP001,6,OL04,TSHE,1946,LIVE,74,1.721,17.581,7.384,7.628,1
TP001,6,OL04,TSHE,1946,MORTALITY,0,0,0,0,0,1
TP001,6,OL04,PRUNU,1946,INGROWTH,0,0,0,0,0,1
TP001,6,OL04,PRUNU,1946,LIVE,28,0.652,5.439,2.012,2.955,1
TP001,6,OL04,PRUNU,1946,MORTALITY,4,0.042,0.277,0.102,0.152,1
TP001,6,OL04,ALL,1946,INGROWTH,0,0,0,0,0,1
TP001,6,OL04,ALL,1946,LIVE,1242,51.571,614.282,274.719,298.52,1
TP001,6,OL04,ALL,1946,MORTALITY,217,4.249,43.593,19.547,21.078,1
TP001,6,OL04,THPL,1957,INGROWTH,0,0,0,0,0,1
TP001,6,OL04,THPL,1957,LIVE,35,0.693,2.751,0.861,2.395,1
TP001,6,OL04,THPL,1957,MORTALITY,0,0,0,0,0,1
TP001,6,OL04,TSHE,1957,INGROWTH,0,0,0,0,0,1
TP001,6,OL04,TSHE,1957,LIVE,70,2.544,28.659,12.037,12.214,1
TP001,6,OL04,TSHE,1957,MORTALITY,4,0.017,0.095,0.04,0.046,1
TP001,6,OL04,PSME,1957,INGROWTH,0,0,0,0,0,1
TP001,6,OL04,PSME,1957,LIVE,935,51.881,661.201,296.879,322.072,1
TP001,6,OL04,PSME,1957,MORTALITY,171,4.868,54.504,24.472,26.401,1
TP001,6,OL04,PRUNU,1957,INGROWTH,0,0,0,0,0,1
TP001,6,OL04,PRUNU,1957,LIVE,7,0.409,3.994,1.478,2.16,1
TP001,6,OL04,PRUNU,1957,MORTALITY,21,0.304,2.166,0.801,1.183,1
TP001,6,OL04,ALL,1957,INGROWTH,0,0,0,0,0,1
TP001,6,OL04,ALL,1957,LIVE,1047,55.526,696.606,311.255,338.841,1
TP001,6,OL04,ALL,1957,MORTALITY,196,5.188,56.764,25.313,27.63,1
TP001,6,OL04,THPL,1993,INGROWTH,164,6.895,37.852,11.848,26.632,1
TP001,6,OL04,THPL,1993,LIVE,185,7.584,41.194,12.894,29.185,1
TP001,6,OL04,THPL,1993,MORTALITY,14,0.311,1.308,0.409,1.098,1
TP001,6,OL04,TSHE,1993,INGROWTH,49,3.138,43.747,18.374,17.859,1
TP001,6,OL04,TSHE,1993,LIVE,84,7.288,109.085,45.816,43.969,1
TP001,6,OL04,TSHE,1993,MORTALITY,35,0.782,7.309,3.07,3.235,1
TP001,6,OL04,PSME,1993,INGROWTH,11,1.202,17.152,7.701,8.394,1
TP001,6,OL04,PSME,1993,LIVE,426,49.496,736.189,330.549,361.05,1
TP001,6,OL04,PSME,1993,MORTALITY,520,21.751,260.643,117.029,126.613,1
TP001,6,OL04,PRUNU,1993,INGROWTH,0,0,0,0,0,1
TP001,6,OL04,PRUNU,1993,LIVE,4,0.212,2.083,0.771,1.126,1
TP001,6,OL04,PRUNU,1993,MORTALITY,4,0.221,2.198,0.813,1.188,1
TP001,6,OL04,ACMA,1993,INGROWTH,4,0.226,2.695,1.186,1.445,1
TP001,6,OL04,ACMA,1993,LIVE,4,0.226,2.695,1.186,1.445,1
TP001,6,OL04,ACMA,1993,MORTALITY,0,0,0,0,0,1
TP001,6,OL04,ALL,1993,INGROWTH,227,11.46,101.446,39.108,54.33,1
TP001,6,OL04,ALL,1993,LIVE,701,64.805,891.247,391.215,436.775,1
TP001,6,OL04,ALL,1993,MORTALITY,572,23.066,271.458,121.321,132.134,1
TP001,6,OL04,THPL,2003,INGROWTH,39,1.355,7.624,2.386,5.251,1
TP001,6,OL04,THPL,2003,LIVE,217,10.879,66.974,20.963,43.707,1
TP001,6,OL04,THPL,2003,MORTALITY,7,0.332,1.92,0.601,1.306,1
TP001,6,OL04,TSHE,2003,INGROWTH,25,0.76,8.59,3.608,3.652,1
TP001,6,OL04,TSHE,2003,LIVE,98,9.042,141.503,59.431,56.522,1
TP001,6,OL04,TSHE,2003,MORTALITY,11,0.3,2.826,1.187,1.251,1
TP001,6,OL04,PSME,2003,INGROWTH,46,7.389,113.194,50.824,55.568,1
TP001,6,OL04,PSME,2003,LIVE,395,55.835,858.177,385.322,421.459,1
TP001,6,OL04,PSME,2003,MORTALITY,77,5.429,73.672,33.079,35.991,1
TP001,6,OL04,PRUNU,2003,INGROWTH,0,0,0,0,0,1
TP001,6,OL04,PRUNU,2003,LIVE,0,0,0,0,0,1
TP001,6,OL04,PRUNU,2003,MORTALITY,4,0.212,2.083,0.771,1.126,1
TP001,6,OL04,ACMA,2003,INGROWTH,0,0,0,0,0,1
TP001,6,OL04,ACMA,2003,LIVE,4,0.339,4.425,1.947,2.342,1
TP001,6,OL04,ACMA,2003,MORTALITY,0,0,0,0,0,1
TP001,6,OL04,ALL,2003,INGROWTH,109,9.504,129.408,56.818,64.472,1
TP001,6,OL04,ALL,2003,LIVE,712,76.095,1071.08,467.663,524.03,1
TP001,6,OL04,ALL,2003,MORTALITY,98,6.271,80.502,35.638,39.675,1
TP001,6,OL04,THPL,2009,INGROWTH,210,2.246,7.43,2.325,7.262,1
TP001,6,OL04,THPL,2009,LIVE,412,13.803,82.033,25.676,54.524,1
TP001,6,OL04,THPL,2009,MORTALITY,14,0.497,2.655,0.831,1.897,1
TP001,6,OL04,TSHE,2009,INGROWTH,28,1.195,18.197,7.643,7.273,1
TP001,6,OL04,TSHE,2009,LIVE,126,11.028,176.117,73.969,70.028,1
TP001,6,OL04,TSHE,2009,MORTALITY,0,0,0,0,0,1
TP001,6,OL04,PSME,2009,INGROWTH,4,0.178,2.112,0.948,1.025,1
TP001,6,OL04,PSME,2009,LIVE,381,57.832,904.366,406.06,444.487,1
TP001,6,OL04,PSME,2009,MORTALITY,18,1.939,28.139,12.634,13.783,1
TP001,6,OL04,ACMA,2009,INGROWTH,0,0,0,0,0,1
TP001,6,OL04,ACMA,2009,LIVE,4,0.41,5.561,2.447,2.931,1
TP001,6,OL04,ACMA,2009,MORTALITY,0,0,0,0,0,1
TP001,6,OL04,ALL,2009,INGROWTH,241,3.619,27.738,10.916,15.56,1
TP001,6,OL04,ALL,2009,LIVE,921,83.073,1168.077,508.152,571.97,1
TP001,6,OL04,ALL,2009,MORTALITY,32,2.435,30.794,13.465,15.68,1
